set,sequence_group,chain_id,release_date,structure_method,resolution,length,sequence,fold
train,8hb3_A,8hb3_A,2023-03-22,x-ray diffraction,2.87,24,AGAGCGUUGCGUCCGAAAGUCGCC,1
train,8hb3_A,8hb1_A,2023-03-22,x-ray diffraction,2.23,24,AGAGCGUUGCGUCCGAAAGUCGCC,1
train,8hb3_A,8i3z_A,2023-03-22,x-ray diffraction,1.67,24,AGAGCGUUGCGUCCGAAAGUCGCC,1
train,4gpw_A,4gpw_A,2013-04-03,x-ray diffraction,3.0,23,UUGCGUCGCGCCGGCGAAGUCGC,5
train,4gpw_A,4gpw_B,2013-04-03,x-ray diffraction,3.0,23,UUGCGUCGCGCCGGCGAAGUCGC,5
train,4gpw_A,4gpx_A,2013-04-03,x-ray diffraction,2.6,23,UUGCGUCGCGCCGGCGAAGUCGC,5
train,4gpw_A,4gpx_B,2013-04-03,x-ray diffraction,2.6,23,UUGCGUCGCGCCGGCGAAGUCGC,5
train,2lwk_A,2lwk_A,2012-08-29,solution nmr,inf,32,GAGUAGAAACAAGGCUUCGGCCUGCUUUUGCU,3
train,1uud_B,1uud_B,2004-03-15,solution nmr,inf,29,GGCAGAUCUGAGCCUGGGAGCUCUCUGCC,4
train,1uud_B,1uui_B,2004-02-12,solution nmr,inf,29,GGCAGAUCUGAGCCUGGGAGCUCUCUGCC,4
train,1uud_B,1arj_N,1996-11-08,solution nmr,inf,29,GGCAGAUCUGAGCCUGGGAGCUCUCUGCC,4
train,1uud_B,1uts_B,2004-02-12,solution nmr,inf,29,GGCAGAUCUGAGCCUGGGAGCUCUCUGCC,4
train,8d2b_A,8d2b_A,2022-11-30,x-ray diffraction,1.44,33,GGCGAUACCAGCCGAAAGGCCCUUGGCAGCGCC,1
train,8d2b_A,8d2b_B,2022-11-30,x-ray diffraction,1.44,33,GGCGAUACCAGCCGAAAGGCCCUUGGCAGCGCC,1
train,8d2b_A,8d5o_A,2022-11-30,x-ray diffraction,2.7,33,GGCGAUACCAGCCGAAAGGCCCUUGGCAGCGCC,1
train,8d2b_A,8d5o_B,2022-11-30,x-ray diffraction,2.7,33,GGCGAUACCAGCCGAAAGGCCCUUGGCAGCGCC,1
train,8d2b_A,8d28_A,2022-11-30,x-ray diffraction,1.42,33,GGCGAUACCAGCCGAAAGGCCCUUGGCAGCGCC,1
train,8d2b_A,8d28_B,2022-11-30,x-ray diffraction,1.42,33,GGCGAUACCAGCCGAAAGGCCCUUGGCAGCGCC,1
train,8d2b_A,8d2a_A,2022-11-30,x-ray diffraction,2.17,33,GGCGAUACCAGCCGAAAGGCCCUUGGCAGCGCC,1
train,8d2b_A,8d2a_B,2022-11-30,x-ray diffraction,2.17,33,GGCGAUACCAGCCGAAAGGCCCUUGGCAGCGCC,1
train,8d2b_A,8d5l_C,2022-11-30,x-ray diffraction,1.64,33,GGCGAUACCAGCCGAAAGGCCCUUGGCAGCGCC,1
train,8d2b_A,8d5l_D,2022-11-30,x-ray diffraction,1.64,33,GGCGAUACCAGCCGAAAGGCCCUUGGCAGCGCC,1
train,8d2b_A,8d5l_A,2022-11-30,x-ray diffraction,1.64,33,GGCGAUACCAGCCGAAAGGCCCUUGGCAGCGCC,1
train,8d2b_A,8d5l_B,2022-11-30,x-ray diffraction,1.64,33,GGCGAUACCAGCCGAAAGGCCCUUGGCAGCGCC,1
train,8d2b_A,1o15_A,2003-02-18,solution nmr,inf,33,GGCGAUACCAGCCGAAAGGCCCUUGGCAGCGUC,1
train,8d2b_A,1eht_A,1997-12-24,solution nmr,inf,33,GGCGAUACCAGCCGAAAGGCCCUUGGCAGCGUC,1
train,5zei_B,5zei_B,2018-03-21,x-ray diffraction,2.1,21,GCGUCACGUCGACGAAGUCGC,1
train,6xb7_A,6xb7_A,2020-09-02,solution nmr,inf,41,GGAUCAAUAGCAGGUGUGGCACACCAGUCAUACCUUGAUCC,4
train,6uej_B,6uej_B,2019-11-13,x-ray diffraction,2.21,3,UCG,2
train,6tf2_A,6tf2_A,2020-09-23,x-ray diffraction,2.55,52,GGCUUCAACAACCCCGUAGGUUGGGCCGAAAGGCAGCGAAUCUACUGGAGCC,1
train,6tf2_A,7d7y_A,2020-11-25,x-ray diffraction,2.8,51,GCUUCAACAACCCCGUAGGUGGGGACGAAAGUCAGCGCACCUACUGGAGCC,1
train,6tf2_A,6tf0_A,2020-09-23,x-ray diffraction,2.1,52,GGCUUCAACAACCCCGUAGGUUGGGCCGAAAGGCAGCGAAUCUACUGGAGCC,1
train,6tf2_A,7d7x_A,2020-11-25,x-ray diffraction,2.631,51,GCUUCAACAACCCCGUAGGUGGGGACGAAAGUCAGCGCACCUACUGGAGCC,1
train,6tf2_A,7d7z_A,2020-11-25,x-ray diffraction,2.6,51,GCUUCAACAACCCCGUAGGUGGGGACGAAAGUCAGCGCACCUACUGGAGCC,1
train,6tf2_A,6tfe_A,2020-09-23,x-ray diffraction,2.3,52,GGCUUCAACAACCCCGUAGGUUGGGCCGAAAGGCAGCGAAUCUACUGGAGCC,1
train,6tf2_A,6tf1_A,2020-09-23,x-ray diffraction,2.4,52,GGCUUCAACAACCCCGUAGGUUGGGCCGAAAGGCAGCGAAUCUACUGGAGCC,1
train,6tf2_A,6tf3_A,2020-09-23,x-ray diffraction,2.66,52,GGCUUCAACAACCCCGUAGGUUGGGCCGAAAGGCAGCGAAUCUACUGGAGCC,1
train,6tf2_A,7d7w_A,2020-11-25,x-ray diffraction,2.391,51,GCUUCAACAACCCCGUAGGUGGGGACGAAAGUCAGCGCACCUACUGGAGCC,1
train,6tf2_A,6tfg_A,2020-09-23,x-ray diffraction,2.45,52,GGCUUCAACAACCCCGUAGGUUGGGCCGAAAGGCAGCGAAUCUACUGGAGCC,1
train,6tf2_A,6tff_A,2020-09-23,x-ray diffraction,2.52,52,GGCUUCAACAACCCCGUAGGUUGGGCCGAAAGGCAGCGAAUCUACUGGAGCC,1
train,6tf2_A,6tb7_A,2020-09-30,x-ray diffraction,2.53,52,GGCUUCAACAACCCCGUAGGUUGGGCCGAAAGGCAGCGAAUCUACUGGAGCC,1
train,6tf2_A,6tfh_A,2020-09-23,x-ray diffraction,2.95,52,GGCUUCAACAACCCCGUAGGUUGGGCCGAAAGGCAGCGAAUCUACUGGAGCC,1
train,1koc_A,1koc_A,1996-08-17,solution nmr,inf,11,AGAAGGAGCGU,1
train,6chr_A,6chr_A,2018-11-21,x-ray diffraction,3.7,625,GUGCGACAAGAAGUUCAGGAAGGGAUUGAGGUGAAAGUCCUCCUCCCGAAUCGUUCAUGGGAGAGUCUAUCCAGACUUGCGUAGCGAGUAAUCGCUAGGUGAGAAGCUCUGGAGACAAUGUACCUGCCCUUCAAUUGGAGGUGCCAGGGCUAGGCUUUGUUCCUAUGGCUAGCGAAAGCGAAUACAGGUUAUUAGGCGUCGUGAAAACAAAACUCUUUCGACAUAAGGGAGAGGCUCGUAGAUGAGUUACCCUCCUUUUUAUGGGGUAACUGAACGAUCAAUAUCUACCGGCGUAGACUGUGAGCCUAAAGGAAACGAAUGAAAGUGUCCCUUCCUGGGAACUUGGUAAGCCCAAUAGACUCCCUCUGGGAAACCAGAGGAGGAGUAAGAGCAAUCUUACUUAUCGUCUAGUGGGUAAAAGACAUAAUAGGAAGCAAAUGCUUGGUUGUAACGAUCGAGAUAGAAUCUGUUGAUUUAAGCUGAAAGGCUGCAGACUUAUUAAAUGGGUGUUCUGCUGUAUGGCGUUCGCGCCUAAGCAGCAGAAUGCGUGAGCCGUGUGCGAUGAAAGUCGCAAGCACGGUUCUGAUGGGGGGAAAACGAGAGAUCGUCUACCUAUCCAACUCAA,1
train,6chr_A,4r0d_A,2014-10-01,x-ray diffraction,3.676,622,GUGCGACAAGAAGUUCAGGAAGGGAUUGAGGUGAAAGUCCUCCUCCCGAAUCGUUCAUGGGAGAGUCUAUCCAGACUUGCGUAGCGAGUAAUCGCUAGGUGAGAAGCUCUGGAGACAAUGUACCUGCCCUUCAAUUGGAGGUGCCAGGGCUAGGCUUUGUUCCUAUGGCUAGCGAAAGCGAAUACAGGUUAUUAGGCGUCGUGAAAACAAAACUCUUUCGACAUAAGGGAGAGGCUCGUAGAUGAGUUACCCUCCUUUUUAUGGGGUAACUGAACGAUCAAUAUCUACCGGCGUAGACUGUGAGCCUAAAGGAAACGAAUGAAAGUGUCCCUUCCUGGGAACUUGGUAAGCCCAAUAGACUCCCUCUGGGAAACCAGAGGAGGAGUAAGAGCAAUCUUACUUAUCGUCUAGUGGGUAAAAGACAUAAUAGGAAGCAAAUGCUUGGUUGUAACGAUCGAGAUAGAAUCUGUUGAUUUAAGCUGAAAGGCUGCAGACUUAUUAAAUGGGUGUUCUGCUGUAUGGCGUUCGCGCCUAAGCAGCAGAAUGCGUGAGCCGUGUGCGAUGAAAGUCGCAAGCACGGUUCUGAUGGGGGGAAAACGAGAGAUCGUCUACCUAUCCAACU,1
train,7l0z_G,7l0z_G,2021-05-26,x-ray diffraction,2.1,69,GGGAGUACGGUGAGGGUCGGGUCCAGUAGGUACGCCUACUGUUGAGUAGAGUGUGGGCUCCGUACUCCC,4
train,7l0z_G,5ob3_A,2017-10-04,x-ray diffraction,2.004,69,GGGAGUACGGUGAGGGUCGGGUCCAGUAGGUACGCCUACUGUUGAGUAGAGUGUGGGCUCCGUACUCCC,4
train,5xi1_S,5xi1_S,2018-08-08,solution nmr,inf,9,CCGCAGCGG,5
train,5xi1_S,5xi1_A,2018-08-08,solution nmr,inf,9,CCGCAGCGG,5
train,7ych_B,7ych_B,2023-07-05,electron microscopy,3.09,11,CCCUCUAAACC,3
train,2au4_A,2au4_A,2006-03-28,solution nmr,inf,41,GGGACGAAGUGGUUGGGCGCUUCGGCGUGUGAAAACGUCCC,5
train,1ei2_A,1ei2_A,2000-03-06,solution nmr,inf,25,GGCAGUGUGAGUACCUUCACACGUC,1
train,1ei2_A,2kgp_A,2009-06-02,solution nmr,inf,25,GGCAGUGUGAGUACCUUCACACGUC,1
train,4xw7_A,4xw7_A,2015-09-09,x-ray diffraction,2.5,64,GGGUCGUGACUGGCGAACAGGUGGGAAACCACCGGGGAGCGACCCUUGCCGCCCGCCUGGGCAA,3
train,4xw7_A,4xwf_A,2015-09-09,x-ray diffraction,1.8,64,GGGUCGUGACUGGCGAACAGGUGGGAAACCACCGGGGAGCGACCCUUGCCGCCCGCCUGGGCAA,3
train,1fuf_A,1fuf_A,2001-11-09,x-ray diffraction,1.7,14,GGUAUUUCGGUACC,4
train,1fuf_A,1fuf_B,2001-11-09,x-ray diffraction,1.7,14,GGUAUUUCGGUACC,4
train,3mij_A,3mij_A,2011-02-16,x-ray diffraction,2.6,12,UAGGGUUAGGGU,1
train,5bjp_E,5bjp_E,2017-09-27,x-ray diffraction,2.51,36,GGCGCGAGGAAGGAGGUCUGAGGAGGUCACUGCGCC,2
train,5bjp_E,5bjp_Y,2017-09-27,x-ray diffraction,2.51,36,GGCGCGAGGAAGGAGGUCUGAGGAGGUCACUGCGCC,2
train,5bjp_E,6e84_A,2019-07-31,x-ray diffraction,2.901,36,GGCGCGAGGAAGGAGGUCUGAGGAGGUCACUGCGCC,2
train,5bjp_E,6e81_A,2019-07-31,x-ray diffraction,2.721,36,GGCGCGAGGAAGGAGGUCUGAGGAGGUCACUGCGCC,2
train,5bjp_E,6e82_A,2019-07-31,x-ray diffraction,3.101,36,GGCGCGAGGAAGGUGGUCUGAGGAGGUCACUGCGCC,2
train,5bjp_E,5bjo_E,2017-09-27,x-ray diffraction,2.35,36,GGCGCGAGGAAGGAGGUCUGAGGAGGUCACUGCGCC,2
train,5bjp_E,5bjo_Y,2017-09-27,x-ray diffraction,2.35,36,GGCGCGAGGAAGGAGGUCUGAGGAGGUCACUGCGCC,2
train,4ts2_X,4ts2_X,2014-07-23,x-ray diffraction,2.884,44,GACGCGACCGAAUGAAAUGGUGAAGGACGGGUCCAGCCGGCUGC,4
train,3d2x_A,3d2x_A,2008-07-01,x-ray diffraction,2.5,77,GGGACCAGGGGUGCUUGUUCACAGGCUGAGAAAGUCCCUUUGAACCUGAACAGGGUAAUGCCUGCGCAGGGAGUGUC,4
train,3d2x_A,3d2x_B,2008-07-01,x-ray diffraction,2.5,77,GGGACCAGGGGUGCUUGUUCACAGGCUGAGAAAGUCCCUUUGAACCUGAACAGGGUAAUGCCUGCGCAGGGAGUGUC,4
train,3d2x_A,2cky_A,2006-05-08,x-ray diffraction,2.9,77,GGGACCAGGGGUGCUUGUUCACAGGCUGAGAAAGUCCCUUUGAACCUGAACAGGGUAAUGCCUGCGCAGGGAGUGUC,4
train,3d2x_A,2cky_B,2006-05-08,x-ray diffraction,2.9,77,GGGACCAGGGGUGCUUGUUCACAGGCUGAGAAAGUCCCUUUGAACCUGAACAGGGUAAUGCCUGCGCAGGGAGUGUC,4
train,3d2x_A,3d2g_A,2008-07-01,x-ray diffraction,2.25,77,GGGACCAGGGGUGCUUGUUCACAGGCUGAGAAAGUCCCUUUGAACCUGAACAGGGUAAUGCCUGCGCAGGGAGUGUC,4
train,3d2x_A,3d2g_B,2008-07-01,x-ray diffraction,2.25,77,GGGACCAGGGGUGCUUGUUCACAGGCUGAGAAAGUCCCUUUGAACCUGAACAGGGUAAUGCCUGCGCAGGGAGUGUC,4
train,3d2x_A,3d2v_A,2008-07-01,x-ray diffraction,2.0,77,GGGACCAGGGGUGCUUGUUCACAGGCUGAGAAAGUCCCUUUGAACCUGAACAGGGUAAUGCCUGCGCAGGGAGUGUC,4
train,3d2x_A,3d2v_B,2008-07-01,x-ray diffraction,2.0,77,GGGACCAGGGGUGCUUGUUCACAGGCUGAGAAAGUCCCUUUGAACCUGAACAGGGUAAUGCCUGCGCAGGGAGUGUC,4
train,4p5j_A,4p5j_A,2014-06-04,x-ray diffraction,1.9912,86,UUAGCUCGCCAGUUAGCGAGGUCUGUCUCGACACGACAGAUAAUCGGGUGCAACUCCCGCCCCUCUUCCGAGGGUCAUCGGAACCA,2
train,4lx5_A,4lx5_A,2014-07-16,x-ray diffraction,2.13,71,GGCUUCAUAUAAUCCGAAUGAUAUGGUUUCGGAGCUUCCACCAAGAGCCUUAAACUCUUGAUUAUGAAGUC,3
train,4lx5_A,4lx6_A,2014-07-16,x-ray diffraction,2.15,71,GGCUUCAUAUAAUCCGAAUGAUAUGGUUUCGGAGCUUCCACCAAGAGCCUUAAACUCUUGACUAUGAAGUC,3
train,6e1v_A,6e1v_A,2019-04-10,x-ray diffraction,2.56,33,CUGGGUCGCAGUNNNCCCAGUUAACAAAACAAG,4
train,1f27_B,1f27_B,2000-06-12,x-ray diffraction,1.3,11,AAAAAGUCCUC,5
train,2kxm_A,2kxm_A,2011-04-20,solution nmr,inf,27,GGCUGCUUGUCCUUUAAUGGUCCAGUC,3
train,2kxm_A,2n0j_A,2016-02-03,solution nmr,inf,27,GGCUGCUUGUCCUUUAAUGGUCCAGUC,3
train,2kxm_A,2mxs_A,2015-12-09,solution nmr,inf,27,GGCUGCUUGUCCUUUAAUGGUCCAGUC,3
train,5v1l_A,5v1l_A,2017-06-14,x-ray diffraction,1.2,12,CGCGAAUNAGCG,2
train,5v1l_A,5v1l_B,2017-06-14,x-ray diffraction,1.2,12,CGCGAAUNAGCG,2
train,1f1t_A,1f1t_A,2000-09-04,x-ray diffraction,2.8,38,GGAUCCCGACUGGCGAGAGCCAGGUAACGAAUGGAUCC,1
train,1f1t_A,1q8n_A,2004-03-23,solution nmr,inf,38,GGAUCCCGACUGGCGAGAGCCAGGUAACGAAUGGAUCC,1
train,7fj0_A,7fj0_A,2021-12-01,solution nmr,inf,20,GGAUGCUUACUCAGCGAUCC,3
train,5kpy_A,5kpy_A,2017-01-11,x-ray diffraction,2.0,71,GGACACUGAUGAUCGCGUGGAUAUGGCACGCAUUGAAUUGUUGGACACCGUAAAUGUCCUAACACGUGUCC,1
train,1zz5_D,1zz5_D,2005-09-20,x-ray diffraction,3.0,14,CGCGUCACACCACC,1
train,1zz5_D,1zz5_B,2005-09-20,x-ray diffraction,3.0,14,CGCGUCACACCACC,1
train,1zz5_D,2a04_D,2005-09-20,x-ray diffraction,2.95,14,CGCGUCACACCACC,1
train,1zz5_D,2a04_B,2005-09-20,x-ray diffraction,2.95,14,CGCGUCACACCACC,1
train,8i7n_N,8i7n_N,2023-03-29,electron microscopy,2.98,418,CUCUCUAAAUAGCAAUAUUUACCUUUGGAGGGAAAAGUUAUCAGGCAUGCACCUGGUAGCUAGUCUUUAAACCAAUAGAUUGCAUCGGUUUAAAAGGCAAGACCGUCAAAUUGCGGGAAAGGGGUCAACAGCCGUUCAGUACCAAGUCUCAGGGGAAACUUUGAGAUGGCCUUGCAAAGGGUAUGGUAAUAAGCUGACGGACAUGGUCCUAACCACGCAGCCAAGUCCUAAGUCAACAGAUCUUCUGUUGAUAUGGAUGCAGUUCACAAACUAAAUGUCGGUCGGGGAAGAUGUAUUCUUCUCAUAAGAUAUAGUCGGACCUCUCCUUAAUGGGAGCUAGCGGAUGAAGUGAUGCAACACUGGAGCCGCUGGGAACUAAUUUGUAUGCGAAAGUAUAUUGAUUAGUUUUGGAGUACUC,5
train,8i7n_N,7ycg_N,2023-07-05,electron microscopy,3.18,393,GGUUUGGAGGGAAAAGUUAUCAGGCAUGCACCUGGUAGCUAGUCUUUAAACCAAUAGAUUGCAUCGGUUUAAAAGGCAAGACCGUCAAAUUGCGGGAAAGGGGUCAACAGCCGUUCAGUACCAAGUCUCAGGGGAAACUUUGAGAUGGCCUUGCAAAGGGUAUGGUAAUAAGCUGACGGACAUGGUCCUAACCACGCAGCCAAGUCCUAAGUCAACAGAUCUUCUGUUGAUAUGGAUGCAGUUCACAGACUAAAUGUCGGUCGGGGAAGAUGUAUUCUUCUCAUAAGAUAUAGUCGGACCUCUCCUUAAUGGGAGCUAGCGGAUGAAGUGAUGCAACACUGGAGCCGCUGGGAACUAAUUUGUAUGCGAAAGUAUAUUGAUUAGUUUUGGAGU,5
train,8i7n_N,7ych_N,2023-07-05,electron microscopy,3.09,393,GGUUUGGAGGGAAAAGUUAUCAGGCAUGCACCUGGUAGCUAGUCUUUAAACCAAUAGAUUGCAUCGGUUUAAAAGGCAAGACCGUCAAAUUGCGGGAAAGGGGUCAACAGCCGUUCAGUACCAAGUCUCAGGGGAAACUUUGAGAUGGCCUUGCAAAGGGUAUGGUAAUAAGCUGACGGACAUGGUCCUAACCACGCAGCCAAGUCCUAAGUCAACAGAUCUUCUGUUGAUAUGGAUGCAGUUCACAGACUAAAUGUCGGUCGGGGAAGAUGUAUUCUUCUCAUAAGAUAUAGUCGGACCUCUCCUUAAUGGGAGCUAGCGGAUGAAGUGAUGCAACACUGGAGCCGCUGGGAACUAAUUUGUAUGCGAAAGUAUAUUGAUUAGUUUUGGAGU,5
train,8i7n_N,7yc8_N,2023-07-05,electron microscopy,4.14,393,GGUUUGGAGGGAAAAGUUAUCAGGCAUGCACCUGGUAGCUAGUCUUUAAACCAAUAGAUUGCAUCGGUUUAAAAGGCAAGACCGUCAAAUUGCGGGAAAGGGGUCAACAGCCGUUCAGUACCAAGUCUCAGGGGAAACUUUGAGAUGGCCUUGCAAAGGGUAUGGUAAUAAGCUGACGGACAUGGUCCUAACCACGCAGCCAAGUCCUAAGUCAACAGAUCUUCUGUUGAUAUGGAUGCAGUUCACAGACUAAAUGUCGGUCGGGGAAGAUGUAUUCUUCUCAUAAGAUAUAGUCGGACCUCUCCUUAAUGGGAGCUAGCGGAUGAAGUGAUGCAACACUGGAGCCGCUGGGAACUAAUUUGUAUGCGAAAGUAUAUUGAUUAGUUUUGGAGU,5
train,8i7n_N,7yci_N,2023-07-05,electron microscopy,2.98,393,GGUUUGGAGGGAAAAGUUAUCAGGCAUGCACCUGGUAGCUAGUCUUUAAACCAAUAGAUUGCAUCGGUUUAAAAGGCAAGACCGUCAAAUUGCGGGAAAGGGGUCAACAGCCGUUCAGUACCAAGUCUCAGGGGAAACUUUGAGAUGGCCUUGCAAAGGGUAUGGUAAUAAGCUGACGGACAUGGUCCUAACCACGCAGCCAAGUCCUAAGUCAACAGAUCUUCUGUUGAUAUGGAUGCAGUUCACAGACUAAAUGUCGGUCGGGGAAGAUGUAUUCUUCUCAUAAGAUAUAGUCGGACCUCUCCUUAAUGGGAGCUAGCGGAUGAAGUGAUGCAACACUGGAGCCGCUGGGAACUAAUUUGUAUGCGAAAGUAUAUUGAUUAGUUUUGGAGU,5
train,8eyu_A,8eyu_A,2023-05-31,x-ray diffraction,1.95,49,GCGCCGGUUAGGCAGAGGUGGGUGGUGUGGAGGAGUAUCUGUCCGGCGC,1
train,8eyu_A,8eyu_B,2023-05-31,x-ray diffraction,1.95,49,GCGCCGGUUAGGCAGAGGUGGGUGGUGUGGAGGAGUAUCUGUCCGGCGC,1
train,8eyu_A,8eyw_A,2023-05-31,x-ray diffraction,2.1,49,GCGCCGGUUAGGCAGAGGUGGGUGGUGUGGAGGAGUAUCUGUCCGGCGC,1
train,8eyu_A,8eyw_B,2023-05-31,x-ray diffraction,2.1,49,GCGCCGGUUAGGCAGAGGUGGGUGGUGUGGAGGAGUAUCUGUCCGGCGC,1
train,8eyu_A,8eyv_A,2023-05-31,x-ray diffraction,2.55,49,GCGCCGGUUAGGCAGAGGUGGGUGGUGUGGAGGAGUAUCUGUCCGGCGC,1
train,8eyu_A,8eyv_B,2023-05-31,x-ray diffraction,2.55,49,GCGCCGGUUAGGCAGAGGUGGGUGGUGUGGAGGAGUAUCUGUCCGGCGC,1
train,8eyu_A,8f0n_A,2023-05-31,x-ray diffraction,2.85,49,GCGCCGGUUAGGCAGUGGUGGGUGGUGUGGAGGAGUAGCUGUCCGGCGC,1
train,8eyu_A,8f0n_B,2023-05-31,x-ray diffraction,2.85,49,GCGCCGGUUAGGCAGUGGUGGGUGGUGUGGAGGAGUAGCUGUCCGGCGC,1
train,6dlt_A,6dlt_A,2018-11-14,x-ray diffraction,2.9,107,GGAAAGUGUGUCUAGGGUUCCGCGUGCUUCGGCACGGACUGGUCCAAGUGACACAGACGCAUUCGUGCGUUACACCGGAGGGAUAGAAGCCCAGGCGGGUAGGUUUC,5
train,6dlt_A,6dlq_A,2018-11-14,x-ray diffraction,2.8,107,GGAAAGUGUGUCUAGGGUUCCGCGUGCUUCGGCACGGACUGGUCCAAGUGACACAGACGCAUUCGUGCGUUACACCGGAGGGAUAGAAGCCCAGGCGGGUAGGUUUC,5
train,6dlt_A,6dls_A,2018-11-14,x-ray diffraction,2.885,107,GGAAAGUGUGUCUAGGGUUCCGCGUGCUUCGGCACGGACUGGUCCAAGUGACACAGACGCAUUCGUGCGUUACACCGGAGGGAUAGAAGCCCAGGCGGGUAGGUUUC,5
train,6dlt_A,6dlr_A,2018-11-14,x-ray diffraction,2.656,107,GGAAAGUGUGUCUAGGGUUCCGCGUGCUUCGGCACGGACUGGUCCAAGUGACACAGACGCAUUCGUGCGUUACACCGGAGGGAUAGAAGCCCAGGCGGGUAGGUUUC,5
train,7kvv_D,7kvv_D,2022-01-19,x-ray diffraction,2.85,83,GGGAAGAUACAAGGUGAGCCCAAUAAUAUGGUUUGGGUUAGGAUAGGAAGUAGAGCCUUAAACUCUCUAAGCGGUAUCUUCCC,5
train,7kvv_D,7kvt_B,2022-01-19,x-ray diffraction,2.73,83,GGGAAGAUACAAGGUGAGCCCAAUAAUAUGGUUUGGGUUAGGAUAGGAAGUAGAGCCUUAAACUCUCUAAGCGGUAUCUUCCC,5
train,7kvv_D,7kvu_G,2022-01-19,x-ray diffraction,2.68,83,GGGAAGAUACAAGGUGAGCCCAAUAAUAUGGUUUGGGUUAGGAUAGGAAGUAGAGCCUUAAACUCUCUAAGCGGUAUCUUCCC,5
train,4y1m_A,4y1m_A,2015-04-08,x-ray diffraction,3.0,107,GAUUUGGGGAGUAGCCGAUUUCCGAAAGGAAAUGUACGUGUCAACAUUUUCGUUGAAAAACGUGGCACGUACGGACUGAAGAAAUUCAGUCAGGCGAGACCAUAUCC,3
train,4y1m_A,4y1m_B,2015-04-08,x-ray diffraction,3.0,107,GAUUUGGGGAGUAGCCGAUUUCCGAAAGGAAAUGUACGUGUCAACAUUUUCGUUGAAAAACGUGGCACGUACGGACUGAAGAAAUUCAGUCAGGCGAGACCAUAUCC,3
train,2juk_A,2juk_A,2007-11-20,solution nmr,inf,22,GGCCUUCCCACAAGGGAAGGCC,2
train,7d81_A,7d81_A,2020-11-25,x-ray diffraction,2.1,50,GGUUUCAACAUCCCCGUUCGGCGCUCGAAAGAGGUGGCCGGACUGAAGCC,4
train,7d81_A,7d82_A,2020-11-25,x-ray diffraction,2.489,50,GGUUUCAACAUCCCCGUUCGGCGCUCGAAAGAGGUGGCCGGACUGAAGCC,4
train,2tra_A,2tra_A,1987-11-06,x-ray diffraction,3.0,75,UCCGUGAUAGUUUAAUGGUCAGAAUGGGCGCUUGUCGCGUGCCAGAUCGGGGUUCAAUUCCCCGUCGCGGAGCCA,3
train,6fz0_A,6fz0_A,2018-07-04,x-ray diffraction,2.499,53,AGGCGCAUUUGAACUGUAUUGUACGCCUUGCAUAAAGCAAAAGUACUAAAAAA,4
train,5z71_A,5z71_A,2019-01-30,x-ray diffraction,2.5,22,UGCGUCGCUCCGGAAAAGUCGC,2
train,5z71_A,5z71_B,2019-01-30,x-ray diffraction,2.5,22,UGCGUCGCUCCGGAAAAGUCGC,2
train,5z71_A,5xz1_C,2018-07-18,x-ray diffraction,3.01,22,UGCGUCGCUCCGGAAAAGUCGC,2
train,5z71_A,5xz1_D,2018-07-18,x-ray diffraction,3.01,22,UGCGUCGCUCCGGAAAAGUCGC,2
train,5z71_A,5xz1_A,2018-07-18,x-ray diffraction,3.01,22,UGCGUCGCUCCGGAAAAGUCGC,2
train,5z71_A,5xz1_B,2018-07-18,x-ray diffraction,3.01,22,UGCGUCGCUCCGGAAAAGUCGC,2
train,6v9b_D,6v9b_D,2020-05-20,x-ray diffraction,2.4,28,AUCGAGGGAGUGGUGAGGAUGAGGCGAU,2
train,6v9b_D,6v9d_E,2020-05-20,x-ray diffraction,2.8,28,AUCGAGGGAGUGGUGAGGAUGAGGCGAU,2
train,1xpf_A,1xpf_A,2005-10-18,x-ray diffraction,2.3,23,CUUGCUGAGGUGCACACAGCAAG,5
train,1xpf_A,1xpf_B,2005-10-18,x-ray diffraction,2.3,23,CUUGCUGAGGUGCACACAGCAAG,5
train,3e5f_A,3e5f_A,2008-10-07,x-ray diffraction,2.7,53,GUUCCCGAAAGGAUGGCGGAAACGCCAGAUGCCUUGUAACCGAAAGGGGGAAU,1
train,3e5f_A,3e5c_A,2008-10-07,x-ray diffraction,2.25,53,GUUCCCGAAAGGAUGGCGGAAACGCCAGAUGCCUUGUAACCGAAAGGGGGAAU,1
train,3e5f_A,3e5e_A,2008-10-07,x-ray diffraction,2.9,53,GUUCCCGAAAGGAUGGCGGAAACGCCAGAUGCCUUGUAACCGAAAGGGGGAAU,1
train,6up0_C,6up0_C,2020-10-21,x-ray diffraction,2.8,38,GCUACGAAGGAAGGAUUGGUAUGUGGUAUAUUCGUAGC,1
train,6up0_C,6e8t_C,2019-04-17,x-ray diffraction,2.9,36,GUACGAAGGAAGGUUUGGUAUGUGGUAUAUUCGUAC,1
train,6up0_C,6e8t_B,2019-04-17,x-ray diffraction,2.9,36,GUACGAAGGAAGGUUUGGUAUGUGGUAUAUUCGUAC,1
train,6up0_C,6up0_D,2020-10-21,x-ray diffraction,2.8,38,GCUACGAAGGAAGGAUUGGUAUGUGGUAUAUUCGUAGC,1
train,8uiw_N,8uiw_N,2024-04-10,x-ray diffraction,2.77,128,GGACAAAGAUAAAAACACAACGUAUGGCGAAACACGUCAUACAGAUCCGGUAGGUAGUCCGGACAUAAACAGCGGUAUAAAGCGCUGUUUAUAAGUAACCUUCCUCCUUAGGUCGUCCAUUCUUUGUC,4
train,8uiw_N,8uiw_R,2024-04-10,x-ray diffraction,2.77,128,GGACAAAGAUAAAAACACAACGUAUGGCGAAACACGUCAUACAGAUCCGGUAGGUAGUCCGGACAUAAACAGCGGUAUAAAGCGCUGUUUAUAAGUAACCUUCCUCCUUAGGUCGUCCAUUCUUUGUC,4
train,8uiw_N,8uta_N,2024-04-10,x-ray diffraction,3.05,128,GGACAAAGAUAAAAACACAACGUAUGGCGAAACACGUCAUACAGAUCCGGUAGGUAGUCCGGACAUAAACAGCGGUAUAAAGCGCUGUUUAUAAGUAACCUUCCUCCUUAGGUCGUCCAUUCUUUGUC,4
train,8uiw_N,8uta_R,2024-04-10,x-ray diffraction,3.05,128,GGACAAAGAUAAAAACACAACGUAUGGCGAAACACGUCAUACAGAUCCGGUAGGUAGUCCGGACAUAAACAGCGGUAUAAAGCGCUGUUUAUAAGUAACCUUCCUCCUUAGGUCGUCCAUUCUUUGUC,4
train,7d7v_A,7d7v_A,2020-11-25,x-ray diffraction,2.8,57,GCGCAACAUCCCCGCCGGUUGGGCGCAUUGCACUCCGCGCAGUGAACCGGCUGCGCC,1
train,6hag_A,6hag_A,2019-01-09,solution nmr,inf,43,GUCACAACGGCUUCCUGACGUGGCAGAUUGAAUUAUUGGAGCA,5
train,4yaz_R,4yaz_R,2015-04-15,x-ray diffraction,2.0,84,GGUACACGACAAUACUAAACCAUCCGCGAGGAUGGGGCGGAAAGCCUAAGGGUCUCCCUGAGACAGCCGGGCUGCCGAAAUAUC,2
train,4yaz_R,4yb0_R,2015-04-15,x-ray diffraction,2.121,83,GUACACGACAAUACUAAACCAUCCGCGAGGAUGGGGCGGAAAGCCUAAGGGUCUCCCUGAGACAGCCGGGCUGCCGAAAUAUC,2
train,4yaz_R,4yb0_A,2015-04-15,x-ray diffraction,2.121,83,GUACACGACAAUACUAAACCAUCCGCGAGGAUGGGGCGGAAAGCCUAAGGGUCUCCCUGAGACAGCCGGGCUGCCGAAAUAUC,2
train,4yaz_R,4yaz_A,2015-04-15,x-ray diffraction,2.0,84,GGUACACGACAAUACUAAACCAUCCGCGAGGAUGGGGCGGAAAGCCUAAGGGUCUCCCUGAGACAGCCGGGCUGCCGAAAUAUC,2
train,2m4q_1,2m4q_1,2013-03-20,solution nmr,inf,27,GGCGUCACACCUUCGGGUGAAGUCGCC,2
train,3v7e_C,3v7e_C,2012-03-07,x-ray diffraction,2.8,126,GGCUUAUCAAGAGAGGUGGAGGGACUGGCCCGAUGAAACCCGGCAACCACUAGUCUAGCGUCAGCUUCGGCUGACGCUAGGCUAGUGGUGCCAAUUCCUGCAGCGGAAACGUUGAAAGAUGAGCCA,1
train,3v7e_C,3iqr_A,2010-08-04,x-ray diffraction,2.55,94,GGCUUAUCAAGAGAGGUGGAGGGACUGGCCCGAUGAAACCCGGCAACCAGAAAUGGUGCCAAUUCCUGCAGCGGAAACGUUGAAAGAUGAGCCG,1
train,3v7e_C,5fk6_A,2016-05-25,x-ray diffraction,2.5,94,GGCUUAUCAAGAGAGGGAGAGCGACUGGCGCGAAGACCCCCGGCAACCAGAAAUGGUGCCAAUUCCUGCAGCGGAAACGUUGAAAGAUGAGCCA,1
train,3v7e_C,5fk3_A,2016-05-25,x-ray diffraction,2.5,94,GGCUUAUCAAGAGAGGGCGAGCGACUGGCGCGAAGACCCCCGGCAACCAGAAAUGGUGCCAAUUCCUGCAGCGGAAACGUUGAAAGAUGAGCCG,1
train,3v7e_C,3iqn_A,2010-08-04,x-ray diffraction,2.7,94,GGCUUAUCAAGAGAGGUGGAGGGACUGGCCCGAUGAAACCCGGCAGCCAGAAAUGGUGCCAAUUCCUGCAGCGGAAACGUUGAAAGAUGAGCCG,1
train,3v7e_C,7eaf_A,2021-06-02,x-ray diffraction,2.85,94,GGCUUAUCAAGAGAGGGCGAGGGACUGGCCCGACGACCCCCGGCAACCAGAAAUGGUGCCAAUUCCUGCAGCGGAAACGUUGAAAGAUGAGCCG,1
train,3v7e_C,5fk2_A,2016-05-25,x-ray diffraction,2.6,94,GGCUUAUCAAGAGAGGGGGAGCGACUGGCGCGAAGAGCCCCGGCAACCAGAAAUGGUGCCAAUUCCUGCAGCGGAAACGUUGAAAGAUGAGCCG,1
train,3v7e_C,4aob_A,2012-05-09,x-ray diffraction,2.95,94,GGCUUAUCAAGAGAGGGCAAGAGACUGGCUUGAUGACCCCCGGCAACCAAAAAUGGUGCCAAUUCCUGCAGAGGAAACGUUGAAAGAUGAGCCA,1
train,3v7e_C,5fk5_A,2016-05-25,x-ray diffraction,3.315,94,GGCUUAUCAAGAGAGGGAGAGCGACUGGCGCGAAGAACCCCGGCAACCAGAAAUGGUGCCAAUUCCUGCAGCGGAAACGUUGAAAGAUGAGCCG,1
train,3v7e_C,3gx5_A,2010-01-12,x-ray diffraction,2.402,94,GGCUUAUCAAGAGAGGUGGAGGGACUGGCCCGACGAAACCCGGCAACCAGAAAUGGUGCCAAUUCCUGCAGCGGAAACGUUGAAAGAUGAGCCG,1
train,3v7e_C,5fkh_A,2016-05-25,x-ray diffraction,2.65,94,GGCUUAUCAAGAGAGGGUGAGCGACUGGCGCGAAGACCCCCGGCAACCAGAAAUGGUGCCAAUUCCUGCAGCGGAAACGUUGAAAGAUGAGCCG,1
train,3v7e_C,5fk4_A,2016-05-25,x-ray diffraction,2.43,93,GGCUUAUCAAGAGAGGGUGAGCGACUGGCGCGAAGAUCCCCGGCAACCAGAAAUGGUGCCAAUUCCUGCAGCGGAAACGUUGAAAGAUGAGCC,1
train,3v7e_C,3v7e_D,2012-03-07,x-ray diffraction,2.8,126,GGCUUAUCAAGAGAGGUGGAGGGACUGGCCCGAUGAAACCCGGCAACCACUAGUCUAGCGUCAGCUUCGGCUGACGCUAGGCUAGUGGUGCCAAUUCCUGCAGCGGAAACGUUGAAAGAUGAGCCA,1
train,3v7e_C,3gx3_A,2010-01-12,x-ray diffraction,2.7,94,GGCUUAUCAAGAGAGGUGGAGGGACUGGCCCGACGAAACCCGGCAACCAGAAAUGGUGCCAAUUCCUGCAGCGGAAACGUUGAAAGAUGAGCCG,1
train,3v7e_C,5fkg_A,2016-05-25,x-ray diffraction,2.95,94,GGCUUAUCAAGAGAGGGGGAGUGACUGGCGCGAAGACCCCCGGCAACCAGAAAUGGUGCCAAUUCCUGCAGCGGAAACGUUGAAAGAUGAGCCG,1
train,3v7e_C,3gx6_A,2010-01-12,x-ray diffraction,2.8,94,GGCUUAUCAAGAGAGGUGGAGGGACUGGCCCGACGAAACCCGGCAACCAGAAAUGGUGCCAAUUCCUGCAGCGGAAACGUUGAAAGAUGAGCCG,1
train,3v7e_C,4b5r_A,2013-01-30,x-ray diffraction,2.95,94,GGCUUAUCAAGAGAGGGGGAGCGACUGGCGCGAAGAACCCCGGCAACCAGAAAUGGUGCCAAUUCCUGCAGCGGAAACGUUGAAAGAUGAGCCG,1
train,3v7e_C,5fkf_A,2016-05-25,x-ray diffraction,2.8,94,GGCUUAUCAAGAGAGGGCGAGCGACUGGCGCGAAGAUCCCCGGCAACCAGAAAUGGUGCCAAUUCCUGCAGCGGAAACGUUGAAAGAUGAGCCG,1
train,3v7e_C,3gx7_A,2010-01-12,x-ray diffraction,2.95,94,GGCUUCGCAAGAGAGGUGGAGGGACUGGCCCGACGAAACCCGGCAACCAGAAAUGGUGCCAAUUCCUGCAGCGGAAACGUUGAAAGCGGAGCCG,1
train,3v7e_C,5fke_A,2016-05-25,x-ray diffraction,2.8,94,GGCUUAUCAAGAGAGGGUGAGCGACUGGCGCGAAGAGCCCCGGCAACCAGAAAUGGUGCCAAUUCCUGCAGCGGAAACGUUGAAAGAUGAGCCG,1
train,3v7e_C,5fk1_A,2016-05-25,x-ray diffraction,2.5,94,GGCUUAUCAAGAGAGGGGGAGCGACUGGCGCGAAGAUCCCCGGCAACCAGAAAUGGUGCCAAUUCCUGCAGCGGAAACGUUGAAAGAUGAGCCG,1
train,3v7e_C,2ydh_A,2011-09-07,x-ray diffraction,2.9,94,GGCUUAUCAAGAGAGGUUUAGGGACUGGCCCGACGAAACCCGGCAACCAGAAAUGGUGCCAAUUCCUGCAGCGGAAACGUUGAAAGAUGAGCCG,1
train,3v7e_C,5fkd_A,2016-05-25,x-ray diffraction,3.0,94,GGCUUAUCAAGAGAGGGAGAGCGACUGGCGCGAAGAUCCCCGGCAACCAGAAAUGGUGCCAAUUCCUGCAGCGGAAACGUUGAAAGAUGAGCCG,1
train,3v7e_C,2gis_A,2006-07-04,x-ray diffraction,2.9,94,GGCUUAUCAAGAGAGGUGGAGGGACUGGCCCGAUGAAACCCGGCAACCAGAAAUGGUGCCAAUUCCUGCAGCGGAAACGUUGAAAGAUGAGCCA,1
train,3v7e_C,3gx2_A,2010-01-12,x-ray diffraction,2.9,94,GGCUUAUCAAGAGAGGUGGAGGGACUGGCCCGACGAAACCCGGCAACCAGAAAUGGUGCCAAUUCCUGCAGCGGAAACGUUGAAAGAUGAGCCG,1
train,3v7e_C,5fjc_A,2016-05-25,x-ray diffraction,1.71,94,GGCUUAUCAAGAGAGGGGGAGUGACUGGCGCGAAGAACCCCGGCAACCAGAAAUGGUGCCAAUUCCUGCAGCGGAAACGUUGAAAGAUGAGCCG,1
train,4gpy_A,4gpy_A,2013-04-03,x-ray diffraction,2.8,23,UUGCGUCACGCCGGCGAAGUCGC,5
train,4gpy_A,4gpy_B,2013-04-03,x-ray diffraction,2.8,23,UUGCGUCACGCCGGCGAAGUCGC,5
train,4gpy_A,5z1h_A,2018-05-30,x-ray diffraction,2.4,23,UUGCGUCACGCCGGCGAAGUCGC,5
train,4gpy_A,5z1h_B,2018-05-30,x-ray diffraction,2.4,23,UUGCGUCACGCCGGCGAAGUCGC,5
train,4gpy_A,4pdq_A,2015-01-07,x-ray diffraction,3.0,23,UUGCGUCACGCCGGCGAAGUCGC,5
train,4gpy_A,4pdq_B,2015-01-07,x-ray diffraction,3.0,23,UUGCGUCACGCCGGCGAAGUCGC,5
train,4gpy_A,7edl_A,2022-03-16,x-ray diffraction,2.6,23,UUGCGUCACGCCGGCGAAGUCGC,5
train,4gpy_A,7edl_B,2022-03-16,x-ray diffraction,2.6,23,UUGCGUCACGCCGGCGAAGUCGC,5
train,4gpy_A,3wru_A,2014-11-05,x-ray diffraction,2.3,23,UUGCGUCACGCCGGCGAAGUCGC,5
train,4gpy_A,3wru_B,2014-11-05,x-ray diffraction,2.3,23,UUGCGUCACGCCGGCGAAGUCGC,5
train,4gpy_A,6jbf_A,2020-01-29,x-ray diffraction,2.6,23,UUGCGUCACGCCGGCGAAGUCGC,5
train,4gpy_A,6jbf_B,2020-01-29,x-ray diffraction,2.6,23,UUGCGUCACGCCGGCGAAGUCGC,5
train,2miy_A,2miy_A,2014-01-29,solution nmr,inf,59,GCUUGGUGCUUAGCUUCUUUCACCAAGCAUAUUACACGCGGAUAACCGCCAAAGGAGAA,3
train,2o3w_A,2o3w_A,2007-11-06,x-ray diffraction,2.8,23,UUGCGUCGCUCCGGAAAAGUCGC,2
train,2o3w_A,2o3w_B,2007-11-06,x-ray diffraction,2.8,23,UUGCGUCGCUCCGGAAAAGUCGC,2
train,2o3w_A,2o3y_A,2007-11-06,x-ray diffraction,2.7,23,UUGCGUCGCUCCGGAAAAGUCGC,2
train,2o3w_A,2o3y_B,2007-11-06,x-ray diffraction,2.7,23,UUGCGUCGCUCCGGAAAAGUCGC,2
train,2o3w_A,2o3v_A,2007-11-06,x-ray diffraction,2.8,23,UUGCGUCGCUCCGGAAAAGUCGC,2
train,2o3w_A,2o3v_B,2007-11-06,x-ray diffraction,2.8,23,UUGCGUCGCUCCGGAAAAGUCGC,2
train,2o3w_A,2g5k_A,2006-06-20,x-ray diffraction,2.8,23,UUGCGUCGCUCCGGAAAAGUCGC,2
train,2o3w_A,2g5k_B,2006-06-20,x-ray diffraction,2.8,23,UUGCGUCGCUCCGGAAAAGUCGC,2
train,7wif_V,7wif_V,2023-01-18,x-ray diffraction,2.86,50,GGCGUGGUCCGUUCAACUCGUUCCUCGAAAGAGGAACUACGGGAGACGCC,2
train,7wif_V,7wib_V,2023-01-18,x-ray diffraction,2.83,50,GGCGUGGUCCGUUCAACUCGUUCCUCGAAAGAGGAACUACGGGAGACGCC,2
train,7wif_V,7wii_V,2023-01-18,x-ray diffraction,2.75,50,GGCGUGGUCCGUUCAACUCGUUCCUCGAAAGAGGAACUACGGGAGACGCC,2
train,7edm_A,7edm_A,2022-03-16,x-ray diffraction,2.81,23,UUGCGUCGCGUCGACGAAGUCGC,3
train,7edm_A,7edm_B,2022-03-16,x-ray diffraction,2.81,23,UUGCGUCGCGUCGACGAAGUCGC,3
train,7edm_A,3td1_A,2011-12-07,x-ray diffraction,2.1,23,UUGCGUCGCGUCGACGAAGUCGC,3
train,7edm_A,3td1_B,2011-12-07,x-ray diffraction,2.1,23,UUGCGUCGCGUCGACGAAGUCGC,3
train,3mxh_R,3mxh_R,2010-08-25,x-ray diffraction,2.3,92,GGUCACGCACAGGGCAAACCAUUCGAAAGAGUGGGACGCAAAGCCUCCGGCCUAAACCAUUGCACUCCGGUAGGUAGCGGGGUUACCGAUGG,3
train,3mxh_R,3mur_R,2010-08-25,x-ray diffraction,3.0,92,GGUCACGCACAGGGCAAACCAUUCGAAAGAGUGGGACGCAAAGCCUCCGGCCUAAACCAUUGCACUCCGGUAGGUAGCGGGGUUAUCGAUGG,3
train,3mxh_R,3mum_R,2010-08-25,x-ray diffraction,2.9,92,GGUCACGCACAGAGCAAACCAUUCGAAAGAGUGGGACGCAAAGCCUCCGGCCUAAACCAUUGCACUCCGGUAGGUAGCGGGGUUACCGAUGG,3
train,3mxh_R,3muv_R,2010-08-25,x-ray diffraction,3.2,92,GGUCACGCACAGAGCAAACCAUUCGAAAGAGUGGGACGCAAAGCCUCCGGCCUAAACCAUUGCACUCCGGUAGGUAGCGGGGUUAUCGAUGG,3
train,3mxh_R,3mut_R,2010-08-25,x-ray diffraction,3.0,92,GGUCACGCACAGAGCAAACCAUUCGAAAGAGUGGGACGCAAAGCCUCCGGCCUAAACCAUUGCACUCCGGUAGGUAGCGGGGUUAUCGAUGG,3
train,3mxh_R,4yb1_R,2015-04-15,x-ray diffraction,2.081,91,GGGCACGCACAGAGCAAACCAUUCGAAAGAGUGGGACGCAAAGCCUCCGGCCUAAACCAUUGCACCUCGGUAGGUAGCGGGGUUACCGAUG,3
train,3mxh_R,3irw_R,2009-11-10,x-ray diffraction,2.7,92,GGUCACGCACAGGGCAAACCAUUCGAAAGAGUGGGACGCAAAGCCUCCGGCCUAAACCAUUGCACUCCGGUAGGUAGCGGGGUUACCGAUGG,3
train,1fmn_A,1fmn_A,1996-07-11,solution nmr,inf,35,GGCGUGUAGGAUAUGCUUCGGCAGAAGGACACGCC,5
train,6yl5_D,6yl5_D,2020-07-22,x-ray diffraction,1.7,35,GGUCACAACGGCUUCCUGGCGUGACCAUUGGAGCA,4
train,6yl5_D,6yml_C,2020-07-22,x-ray diffraction,2.17,26,GGUCACAACGGCUUCCUGGCGUGACC,4
train,6yl5_D,6ymi_C,2020-07-22,x-ray diffraction,2.5,26,GGUCACAACGGCUUCCUGGCGUGACC,4
train,6yl5_D,6ymi_I,2020-07-22,x-ray diffraction,2.5,26,GGUCACAACGGCUUCCUGGCGUGACC,4
train,6yl5_D,6ymi_O,2020-07-22,x-ray diffraction,2.5,26,GGUCACAACGGCUUCCUGGCGUGACC,4
train,6yl5_D,6ymj_C,2020-07-22,x-ray diffraction,2.04,26,GGUCACAACGGCUUCCUGGCGUGACC,4
train,6yl5_D,6ymj_I,2020-07-22,x-ray diffraction,2.04,26,GGUCACAACGGCUUCCUGGCGUGACC,4
train,6yl5_D,6ymj_O,2020-07-22,x-ray diffraction,2.04,26,GGUCACAACGGCUUCCUGGCGUGACC,4
train,6yl5_D,6ymk_C,2020-07-22,x-ray diffraction,2.03,26,GGUCACAACGGCUUCCUGGCGUGACC,4
train,6yl5_D,6ymk_I,2020-07-22,x-ray diffraction,2.03,26,GGUCACAACGGCUUCCUGGCGUGACC,4
train,6yl5_D,6ymk_O,2020-07-22,x-ray diffraction,2.03,26,GGUCACAACGGCUUCCUGGCGUGACC,4
train,6yl5_D,6ymm_C,2020-07-22,x-ray diffraction,2.2,26,GGUCACAACGGCUUCCUGGCGUGACC,4
train,6yl5_D,6ylb_C,2020-07-22,x-ray diffraction,2.12,26,GGUCACAACGGCUUCCUGGCGUGACC,4
train,6yl5_D,6ylb_I,2020-07-22,x-ray diffraction,2.12,26,GGUCACAACGGCUUCCUGGCGUGACC,4
train,6yl5_D,6ylb_O,2020-07-22,x-ray diffraction,2.12,26,GGUCACAACGGCUUCCUGGCGUGACC,4
train,6yl5_D,6yl5_B,2020-07-22,x-ray diffraction,1.7,35,GGUCACAACGGCUUCCUGGCGUGACCAUUGGAGCA,4
train,6yl5_D,6yl5_H,2020-07-22,x-ray diffraction,1.7,35,GGUCACAACGGCUUCCUGGCGUGACCAUUGGAGCA,4
train,6yl5_D,6yl5_C,2020-07-22,x-ray diffraction,1.7,35,GGUCACAACGGCUUCCUGGCGUGACCAUUGGAGCA,4
train,6yl5_D,6yl5_J,2020-07-22,x-ray diffraction,1.7,35,GGUCACAACGGCUUCCUGGCGUGACCAUUGGAGCA,4
train,6yl5_D,6yl5_F,2020-07-22,x-ray diffraction,1.7,35,GGUCACAACGGCUUCCUGGCGUGACCAUUGGAGCA,4
train,6yl5_D,6yl5_K,2020-07-22,x-ray diffraction,1.7,35,GGUCACAACGGCUUCCUGGCGUGACCAUUGGAGCA,4
train,6yl5_D,6yl5_L,2020-07-22,x-ray diffraction,1.7,35,GGUCACAACGGCUUCCUGGCGUGACCAUUGGAGCA,4
train,6yl5_D,6yl5_G,2020-07-22,x-ray diffraction,1.7,35,GGUCACAACGGCUUCCUGGCGUGACCAUUGGAGCA,4
train,1j8g_C,1j8g_C,2001-11-23,x-ray diffraction,0.61,6,UGGGGU,3
train,1j8g_C,1j8g_A,2001-11-23,x-ray diffraction,0.61,6,UGGGGU,3
train,1j8g_C,1j8g_B,2001-11-23,x-ray diffraction,0.61,6,UGGGGU,3
train,5vj9_B,5vj9_B,2017-06-28,x-ray diffraction,1.57,16,GCGGGGACGACCCUGC,5
train,5vj9_B,5vjb_B,2017-06-28,x-ray diffraction,2.1,16,GCGGGGACGACCCUGC,5
train,5t83_A,5t83_A,2017-01-11,x-ray diffraction,2.71,95,GUCUAAAGUUUGCUAGGGUUCCGCGUCAUAGGUGGUCUGGUCCAAGAGCAAACGGCUUUCACAAAGCCACACGGAAGGAUAAAAGCCUGGGAGAU,4
train,1i9v_A,1i9v_A,2001-06-04,x-ray diffraction,2.6,76,GCGGAUUUAGCUCAGUUGGGAGAGCGCCAGACUGAAGAUCUGGAGGUCCUGUGUUCGAUCCACAGAAUUCGCACCA,4
train,1i9v_A,1tn2_A,1986-10-24,x-ray diffraction,3.0,76,GCGGAUUUAGCUCAGUUGGGAGAGCGCCAGACUGAAGAUCUGGAGGUCCUGUGUUCGAUCCACAGAAUUCGCACCA,4
train,1i9v_A,1evv_A,2000-05-01,x-ray diffraction,2.0,76,GCGGAUUUAGCUCAGUUGGGAGAGCGCCAGACUGAAGAUCUGGAGGUCCUGUGUUCGAUCCACAGAAUUCGCACCA,4
train,1i9v_A,1tn1_A,1987-01-15,x-ray diffraction,3.0,76,GCGGAUUUAGCUCAGUUGGGAGAGCGCCAGACUGAAGAUCUGGAGGUCCUGUGUUCGAUCCACAGAAUUCGCACCA,4
train,6va4_A,6va4_A,2020-05-20,solution nmr,inf,11,CCGGCAGUGUG,2
train,6va4_A,6va2_A,2020-05-20,solution nmr,inf,11,CCGGCAGUGUG,2
train,6va4_A,6va3_A,2020-05-20,solution nmr,inf,11,CCGGCAGUGUG,2
train,2kx8_A,2kx8_A,2010-09-08,solution nmr,inf,42,GGGAAAUGAGGCGCUGCAUGUGGCAGUCUGCCUUUCUUUCCC,2
train,3diq_A,3diq_A,2008-09-16,x-ray diffraction,2.7,174,GGCCGACGGAGGCGCGCCCGAGAUGAGUAGGCUGUCCCAUCAGGGGAGGAAUCGGGGACGGCUGAAAGGCGAGGGCGCCGAAGGGUGCAGAGUUCCUCCCGCUCUGCAUGCCUGGGGGUAUGGGGAAUACCCAUACCACUGUCACGGAGGUCUCUCCGUGGAGAGCCGUCGGUC,1
train,3diq_A,3dig_X,2008-09-16,x-ray diffraction,2.8,174,GGCCGACGGAGGCGCGCCCGAGAUGAGUAGGCUGUCCCAUCAGGGGAGGAAUCGGGGACGGCUGAAAGGCGAGGGCGCCGAAGGGUGCAGAGUUCCUCCCGCUCUGCAUGCCUGGGGGUAUGGGGAAUACCCAUACCACUGUCACGGAGGUCUCUCCGUGGAGAGCCGUCGGUC,1
train,3diq_A,3dim_A,2008-09-16,x-ray diffraction,2.9,174,GGCCGACGGAGGCGCGCCCGAGAUGAGUAGGCUGUCCCAUCAGGGGAGGAAUCGGGGACGGCUGAAAGGCGAGGGCGCCGAAGGGUGCAGAGUUCCUCCCGCUCUGCAUGCCUGGGGGUAUGGGGAAUACCCAUACCACUGUCACGGAGGUCUCUCCGUGGAGAGCCGUCGGUC,1
train,3diq_A,3dio_X,2008-09-16,x-ray diffraction,2.4,174,GGCCGACGGAGGCGCGCCCGAGAUGAGUAGGCUGUCCCAUCAGGGGAGGAAUCGGGGACGGCUGAAAGGCGAGGGCGCCGAAGGGUGCAGAGUUCCUCCCGCUCUGCAUGCCUGGGGGUAUGGGGAAUACCCAUACCACUGUCACGGAGGUCUCUCCGUGGAGAGCCGUCGGUC,1
train,3diq_A,3dir_A,2008-09-16,x-ray diffraction,2.9,174,GGCCGACGGAGGCGCGCCCGAGAUGAGUAGGCUGUCCCAUCAGGGGAGGAAUCGGGGACGGCUGAAAGGCGAGGGCGCCGAAGGGUGCAGAGUUCCUCCCGCUCUGCAUGCCUGGGGGUAUGGGGAAUACCCAUACCACUGUCACGGAGGUCUCUCCGUGGAGAGCCGUCGGUC,1
train,3diq_A,3dil_A,2008-09-16,x-ray diffraction,1.9,174,GGCCGACGGAGGCGCGCCCGAGAUGAGUAGGCUGUCCCAUCAGGGGAGGAAUCGGGGACGGCUGAAAGGCGAGGGCGCCGAAGGGUGCAGAGUUCCUCCCGCUCUGCAUGCCUGGGGGUAUGGGGAAUACCCAUACCACUGUCACGGAGGUCUCUCCGUGGAGAGCCGUCGGUC,1
train,2l94_A,2l94_A,2011-06-15,solution nmr,inf,45,GGGAAGAUCUGGCCUUCCCACAAGGGAAGGCCAGGGAAUCUUCCC,3
train,6qiv_A,6qiv_A,2019-09-25,x-ray diffraction,2.28,8,GCAGCAGC,1
train,7u0y_R,7u0y_R,2022-08-31,x-ray diffraction,2.66,67,GGUACCUACCAAUCGUAGCGUGUCGACCAGCUGCGAAACACGCAGCUGGCACUGGCGCUGUAGGUAC,3
train,7u0y_R,7szu_R,2022-07-06,x-ray diffraction,2.24,67,GGUACCUACCAAUCGUAGCGUGUCGACCAGCUGCGAAACACGCAGCUGGCACUGGCGCUGUAGGUAC,3
train,6dmc_A,6dmc_A,2018-11-14,x-ray diffraction,2.2,102,GGAAGUGUACCUAGGGAUCCACCUCGAGAGAGGAAGGACCAAGCGGUACAGGCCUACUUCGGUAGGUUACACCGUGGGGAUAAAAGACCCGUGGCAAGUUUC,2
train,6dmc_A,6dmc_B,2018-11-14,x-ray diffraction,2.2,102,GGAAGUGUACCUAGGGAUCCACCUCGAGAGAGGAAGGACCAAGCGGUACAGGCCUACUUCGGUAGGUUACACCGUGGGGAUAAAAGACCCGUGGCAAGUUUC,2
train,6dmc_A,6dme_A,2018-11-14,x-ray diffraction,2.702,102,GGAAGUGUACCUAGGGAUCCACCUCGAGAGAGGAAGGACCAAGCGGUACAGGCCUACUUCGGUAGGUUACACCGUGGGGAUAAAAGACCCGUGGCAAGUUUC,2
train,6dmc_A,6dmd_A,2018-11-14,x-ray diffraction,2.65,102,GGAAGUGUACCUAGGGAUCCACCUCGAGAGAGGAAGGACCAAGCGGUACAGGCCUACUUCGGUAGGUUACACCGUGGGGAUAAAAGACCCGUGGCAAGUUUC,2
train,6dmc_A,6dmd_B,2018-11-14,x-ray diffraction,2.65,102,GGAAGUGUACCUAGGGAUCCACCUCGAGAGAGGAAGGACCAAGCGGUACAGGCCUACUUCGGUAGGUUACACCGUGGGGAUAAAAGACCCGUGGCAAGUUUC,2
train,6uet_A,6uet_A,2019-12-18,electron microscopy,4.1,119,GGUCAUGAGUGCCAGCGUCAAGCCCCGGCUUGCUGGCCGGCAACCCUCCAACCGCGGUGGGGUGCCCCGGGUGAUGACCAGGUUGAGUAGCCGUGACGGCUACGCGGCAAGCGCGGGUC,4
train,3b4a_B,3b4a_B,2007-12-11,x-ray diffraction,2.7,125,CCGGCUUUAAGUUGACGAGAGCAGGGUUUAUCGAGACAUCGGCGGGUGCCCUGCGGUCUUCCUGCGACCGUUAGAGGACUGGUAAAACCACAGGCGACUGUGGCAUAGAGCAGUCCGGGCAGGAA,1
train,3b4a_B,3b4b_B,2007-12-11,x-ray diffraction,2.7,125,CCGGCUUUAAGUUGACGAGAGCAGGGUUUAUCGAGACAUCGGCGGGUGCCCUGCGGUCUUCCUGCGACCGUUAGAGGACUGGUAAAACCACAGGCGACUGUGGCAUAGAGCAGUCCGGGCAGGAA,1
train,3b4a_B,2ho7_B,2006-09-26,x-ray diffraction,2.9,125,CCGGCUUUAAGUUGACGAGGGCAGGGUUUAUCGAGACAUCGGCGGGUGCCCUGCGGUCUUCCUGCGACCGUUAGAGGACUGGUAAAACCACAGGCGACUGUGGCAUAGAGCAGUCCGGGCAGGAA,1
train,3b4a_B,3b4c_B,2007-12-11,x-ray diffraction,3.0,125,CCGGCUUUAAGUUGACGAGGGCAGGGUUUAUCGAGACAUCGGCGGGUGCCCUGCGGUCUUCCUGCGACCGUUAGAGGACUGGUAAAACCACAGGCGACUGUGGCAUAGAGCAGUCCGGGCAGGAA,1
train,2hol_A,2hol_A,2006-09-19,x-ray diffraction,2.9,83,GCGACUCGGGGUGCCCUUCUGCGUGAAGGCUGAGAAAUACCCGUAUCACCUGAUCUGGAUAAUGCCAGCGUAGGGAAGUCGCA,2
train,2hol_A,7td7_A,2022-02-16,x-ray diffraction,2.95,83,GCGACUCGGGGUGCCCUUCUGCGUGAAGGCUGAGAAAUACCCGUAUCACCUGAUCUGGAUAAUGCCAGCGUAGGGAAGUCGCA,2
train,2hol_A,7tda_A,2022-02-16,x-ray diffraction,2.25,83,GCGACUCGGGGUGCCCUUCUGCGUGAAGGCUGAGAAAUACCCGUAUCACCUGAUCUGGAUAAUGCCAGCGUAGGGAAGUCGCA,2
train,2hol_A,4nyb_A,2014-06-04,x-ray diffraction,3.1,83,GCGACUCGGGGUGCCCUUCUGCGUGAAGGCUGAGAAAUACCCGUAUCACCUGAUCUGGAUAAUGCCAGCGUAGGGAAGUCGCA,2
train,2hol_A,7tdb_A,2022-02-16,x-ray diffraction,2.56,83,GCGACUCGGGGUGCCCUUCUGCGUGAAGGCUGAGAAAUACCCGUAUCACCUGAUCUGGAUAAUGCCAGCGUAGGGAAGUCGCA,2
train,2hol_A,4nyg_A,2014-06-04,x-ray diffraction,3.05,83,GCGACUCGGGGUGCCCUUCUGCGUGAAGGCUGAGAAAUACCCGUAUCACCUGAUCUGGAUAAUGCCAGCGUAGGGAAGUCGCA,2
train,2hol_A,7tdc_A,2022-02-16,x-ray diffraction,2.46,83,GCGACUCGGGGUGCCCUUCUGCGUGAAGGCUGAGAAAUACCCGUAUCACCUGAUCUGGAUAAUGCCAGCGUAGGGAAGUCGCA,2
train,2hol_A,2hoo_A,2006-09-19,x-ray diffraction,3.0,83,GCGACUCGGGGUGCCCUUCUGCGUGAAGGCUGAGAAAUACCCGUAUCACCUGAUCUGGAUAAUGCCAGCGUAGGGAAGUCGCA,2
train,2hol_A,2hom_A,2006-09-19,x-ray diffraction,2.89,83,GCGACUCGGGGUGCCCUUCUGCGUGAAGGCUGAGAAAUACCCGUAUCACCUGAUCUGGAUAAUGCCAGCGUAGGGAAGUCGCA,2
train,2hol_A,2hop_A,2006-09-19,x-ray diffraction,3.3,83,GCGACUCGGGGUGCCCUUCUGCGUGAAGGCUGAGAAAUACCCGUAUCACCUGAUCUGGAUAAUGCCAGCGUAGGGAAGUCGCA,2
train,2hol_A,8f4o_B,2023-05-17,x-ray diffraction,3.1,83,GCGACUCGGGGUGCCCUUCUGCGUGAAGGCUGAGAAAUACCCGUAUCACCUGAUCUGGAUAAUGCCAGCGUAGGGAAGUCGCA,2
train,2hol_A,2hoj_A,2006-09-19,x-ray diffraction,2.5,83,GCGACUCGGGGUGCCCUUCUGCGUGAAGGCUGAGAAAUACCCGUAUCACCUGAUCUGGAUAAUGCCAGCGUAGGGAAGUCGCA,2
train,2hol_A,7tzu_A,2022-05-25,x-ray diffraction,2.87,83,GCGACUCGGGGUGCCCUUCUGCGUGAAGGCUGAGAAAUACCCGUAUCACCUGAUCUGGAUAAUGCCAGCGUAGGGAAGUCGCA,2
train,2hol_A,7tzt_A,2022-05-25,x-ray diffraction,2.96,83,GCGACUCGGGGUGCCCUUCUGCGUGAAGGCUGAGAAAUACCCGUAUCACCUGAUCUGGAUAAUGCCAGCGUAGGGAAGUCGCA,2
train,8i46_A,8i46_A,2023-03-29,solution nmr,inf,19,GGAUGCUUUCGAGCGAUCC,1
train,1f27_A,1f27_A,2000-06-12,x-ray diffraction,1.3,19,ACCGUCAGAGGACACGGUU,2
train,3k0j_E,3k0j_E,2009-12-22,x-ray diffraction,3.1,87,GCGACUCGGGGUGCCCUCCAUUGCACUCCGGAGGCUGAGAAAUACCCGUAUCACCUGAUCUGGAUAAUGCCAGCGUAGGGAAGUCGC,4
train,3k0j_E,3k0j_F,2009-12-22,x-ray diffraction,3.1,87,GCGACUCGGGGUGCCCUCCAUUGCACUCCGGAGGCUGAGAAAUACCCGUAUCACCUGAUCUGGAUAAUGCCAGCGUAGGGAAGUCGC,4
train,3k0j_E,4nya_A,2014-06-04,x-ray diffraction,2.65,80,GGACUCGGGGUGCCCUUCUGCGUGAAGGCUGAGAAAUACCCGUAUCACCUGAUCUGGAUAAUGCCAGCGUAGGGAAGUUC,4
train,3k0j_E,4nya_B,2014-06-04,x-ray diffraction,2.65,80,GGACUCGGGGUGCCCUUCUGCGUGAAGGCUGAGAAAUACCCGUAUCACCUGAUCUGGAUAAUGCCAGCGUAGGGAAGUUC,4
train,3k0j_E,2gdi_Y,2006-07-04,x-ray diffraction,2.05,80,GGACUCGGGGUGCCCUUCUGCGUGAAGGCUGAGAAAUACCCGUAUCACCUGAUCUGGAUAAUGCCAGCGUAGGGAAGUUC,4
train,3k0j_E,2gdi_X,2006-07-04,x-ray diffraction,2.05,80,GGACUCGGGGUGCCCUUCUGCGUGAAGGCUGAGAAAUACCCGUAUCACCUGAUCUGGAUAAUGCCAGCGUAGGGAAGUUC,4
train,3k0j_E,7tzr_Y,2022-05-25,x-ray diffraction,2.7,80,GGACUCGGGGUGCCCUUCUGCGUGAAGGCUGAGAAAUACCCGUAUCACCUGAUCUGGAUAAUGCCAGCGUAGGGAAGUUC,4
train,3k0j_E,7tzr_X,2022-05-25,x-ray diffraction,2.7,80,GGACUCGGGGUGCCCUUCUGCGUGAAGGCUGAGAAAUACCCGUAUCACCUGAUCUGGAUAAUGCCAGCGUAGGGAAGUUC,4
train,3fo6_A,3fo6_A,2009-06-23,x-ray diffraction,1.9,68,GGACAUAUAAUCGCGUGGAUAUGGCACGCAAGUUUCUACCGGGCACCGUAAAUGUCCGACUAUGUCCA,5
train,3fo6_A,3ds7_A,2009-02-17,x-ray diffraction,1.85,67,GGACAUACAAUCGCGUGGAUAUGGCACGCAAGAUCCCGCCGGGCACCGUAAAUGUCCGACUAUGUCC,5
train,3fo6_A,3ds7_B,2009-02-17,x-ray diffraction,1.85,67,GGACAUACAAUCGCGUGGAUAUGGCACGCAAGAUCCCGCCGGGCACCGUAAAUGUCCGACUAUGUCC,5
train,3fo6_A,3gog_A,2009-06-23,x-ray diffraction,2.1,67,GGACAUGUAAUCGCGUGGAUAUGGCACGCAAGUUUCUACCGGGCACCGUAAAUGUCCGACCAUGUCC,5
train,3fo6_A,3rkf_C,2011-08-17,x-ray diffraction,2.5,67,GGCCAUAUAACUGCGUGGAUAUAGCACGCAGGUUUCUACCGGGCACUGUAAAUGUCCGACUAUGGUC,5
train,3fo6_A,3rkf_D,2011-08-17,x-ray diffraction,2.5,67,GGCCAUAUAACUGCGUGGAUAUAGCACGCAGGUUUCUACCGGGCACUGUAAAUGUCCGACUAUGGUC,5
train,3fo6_A,3rkf_A,2011-08-17,x-ray diffraction,2.5,67,GGCCAUAUAACUGCGUGGAUAUAGCACGCAGGUUUCUACCGGGCACUGUAAAUGUCCGACUAUGGUC,5
train,3fo6_A,3rkf_B,2011-08-17,x-ray diffraction,2.5,67,GGCCAUAUAACUGCGUGGAUAUAGCACGCAGGUUUCUACCGGGCACUGUAAAUGUCCGACUAUGGUC,5
train,3fo6_A,3ges_A,2009-06-23,x-ray diffraction,2.15,67,GGACAUAUAAUCGCGUGGAUAUGGCACGCAAGUUUCUACCGGGCACCGUAAAUGUCCGAUUAUGUCC,5
train,3fo6_A,6uc8_B,2020-07-22,x-ray diffraction,1.898,67,GGACAUAUAAUCGCGUGGAUAUGGCACGCAAGUUUCUACCGGGCACCGUAAAUGUCCGACUAUGUCC,5
train,3fo6_A,3ger_A,2009-06-23,x-ray diffraction,1.7,67,GGACAUAUAAUCGCGUGGAUAUGGCACGCAAGUUUCUACCGGGCACCGUAAAUGUCCGACUAUGUCC,5
train,3fo6_A,6uc7_B,2020-07-22,x-ray diffraction,1.798,67,GGACAUAUAAUCGCGUGGAUAUGGCACGCAAGUUUCUACCGGGCACCGUAAAUGUCCGACUAUGUCC,5
train,3fo6_A,6uc9_B,2020-07-22,x-ray diffraction,1.941,67,GGACAUAUAAUCGCGUGGAUAUGGCACGCAAGUUUCUACCGGGCACCGUAAAUGUCCGACUAUGUCC,5
train,3fo6_A,3fo4_A,2009-06-23,x-ray diffraction,1.9,68,GGACAUAUAAUCGCGUGGAUAUGGCACGCAAGUUUCUACCGGGCACCGUAAAUGUCCGAUUAUGUCCA,5
train,6hmo_A,6hmo_A,2019-08-14,solution nmr,inf,11,AUACUUACCUG,5
train,6hmo_A,8cf2_A,2024-02-21,solution nmr,inf,11,AUACUUACCUG,5
train,6hmo_A,8r8p_A,2024-03-06,solid-state nmr,inf,11,AUACUUACCUG,5
train,6hmo_A,8r63_A,2024-03-06,solution nmr,inf,11,AUACUUACCUG,5
train,6hmo_A,8r62_A,2024-03-06,solution nmr,inf,11,AUACUUACCUG,5
train,1koc_B,1koc_B,1996-08-17,solution nmr,inf,14,ACAGGUAGGUCGCU,3
train,3skz_A,3skz_A,2011-08-17,x-ray diffraction,2.605,68,GGCCUUAUACAGGGUAGCAUAAUGGGCUACUGACCCCGCCUUCAAACCUAUUUGGAGACUAUAAGGUC,5
train,3skz_A,3skz_B,2011-08-17,x-ray diffraction,2.605,68,GGCCUUAUACAGGGUAGCAUAAUGGGCUACUGACCCCGCCUUCAAACCUAUUUGGAGACUAUAAGGUC,5
train,3skz_A,3skw_A,2011-08-17,x-ray diffraction,2.95,66,GGCUUAUACAGGGUAGCAUAAUGGGCUACUGACCCCGCCUUCAAACCUAUUUGGAGACUAUAAGUC,5
train,3skz_A,3skw_B,2011-08-17,x-ray diffraction,2.95,66,GGCUUAUACAGGGUAGCAUAAUGGGCUACUGACCCCGCCUUCAAACCUAUUUGGAGACUAUAAGUC,5
train,3skz_A,3slq_A,2011-08-17,x-ray diffraction,2.5,68,GGCCUUAUACAGGGUAGCAUAAUGGGCUACUGACCCCGCCUUCAAACCUAUUUGGAGACUAUAAGGUC,5
train,3skz_A,3slq_B,2011-08-17,x-ray diffraction,2.5,68,GGCCUUAUACAGGGUAGCAUAAUGGGCUACUGACCCCGCCUUCAAACCUAUUUGGAGACUAUAAGGUC,5
train,3skz_A,3skl_A,2011-08-17,x-ray diffraction,2.9,66,GGCUUAUACAGGGUAGCAUAAUGGGCUACUGACCCCGCCUUCAAACCUAUUUGGAGACUAUAAGUC,5
train,3skz_A,3skl_B,2011-08-17,x-ray diffraction,2.9,66,GGCUUAUACAGGGUAGCAUAAUGGGCUACUGACCCCGCCUUCAAACCUAUUUGGAGACUAUAAGUC,5
train,3skz_A,3slm_A,2011-08-17,x-ray diffraction,2.7,68,GGCCUUAUACAGGGUAGCAUAAUGGGCUACUGACCCCGCCUUCAAACCUAUUUGGAGACUAUAAGGUC,5
train,3skz_A,3slm_B,2011-08-17,x-ray diffraction,2.7,68,GGCCUUAUACAGGGUAGCAUAAUGGGCUACUGACCCCGCCUUCAAACCUAUUUGGAGACUAUAAGGUC,5
train,3skz_A,3skt_A,2011-08-17,x-ray diffraction,3.1,66,GGCUUAUACAGGGUAGCAUAAUGGGCUACUGACCCCGCCUUCAAACCUAUUUGGAGACUAUAAGUC,5
train,3skz_A,3skt_B,2011-08-17,x-ray diffraction,3.1,66,GGCUUAUACAGGGUAGCAUAAUGGGCUACUGACCCCGCCUUCAAACCUAUUUGGAGACUAUAAGUC,5
train,3skz_A,3skr_A,2011-08-17,x-ray diffraction,3.1,66,GGCUUAUACAGGGUAGCAUAAUGGGCUACUGACCCCGCCUUCAAACCUAUUUGGAGACUAUAAGUC,5
train,3skz_A,3skr_B,2011-08-17,x-ray diffraction,3.1,66,GGCUUAUACAGGGUAGCAUAAUGGGCUACUGACCCCGCCUUCAAACCUAUUUGGAGACUAUAAGUC,5
train,3skz_A,3ski_A,2011-08-17,x-ray diffraction,2.3,68,GGCCUUAUACAGGGUAGCAUAAUGGGCUACUGACCCCGCCUUCAAACCUAUUUGGAGACUAUAAGGUC,5
train,3skz_A,3ski_B,2011-08-17,x-ray diffraction,2.3,68,GGCCUUAUACAGGGUAGCAUAAUGGGCUACUGACCCCGCCUUCAAACCUAUUUGGAGACUAUAAGGUC,5
train,6p2h_A,6p2h_A,2019-10-23,x-ray diffraction,2.803,69,GGGUGUAAUCUCCAAAAUAUGGUUGGGGAGCCUCCACCAGUGAACCGUAAAAUCGCUGUCACCACCCAG,4
train,6va4_B,6va4_B,2020-05-20,solution nmr,inf,10,CACACGUCGG,4
train,6va4_B,6va2_B,2020-05-20,solution nmr,inf,10,CACACGUCGG,4
train,6va4_B,6va3_B,2020-05-20,solution nmr,inf,10,CACACGUCGG,4
train,2oe8_A,2oe8_A,2007-02-13,x-ray diffraction,1.8,16,GGGCGUCGCUAGUACC,1
train,6t3n_A,6t3n_A,2020-05-13,x-ray diffraction,3.22,398,GGGGUUAUGUGUGCCCGGCAUGGGUGCAGUCUAUAGGGUGAGAGUCCCGAACUGUGAAGGCAGAAGUAACAGUUAGCCUAACGCAAGGGUGUCCGUGGCGACAUGGAAUCUGAAGGAAGCGGACGGCAAACCUUCGGUCUGAGGAACACGAACUUCAUAUGAGGCUAGGUAUCAAUGGAUGAGUUUGCAUAACAAAACAAAGUCCUUUCUGCCAAAGUUGGUACAGAGUAAAUGAAGCAGAUUGAUGAAGGGAAAGACUGCAUUCUUACCCGGGGAGGUCUGGAAACAGAAGUCAGGAGAAGUCAUAGUACCCUGUUCGCAGGGGAAGGACGGAACAAGUAUGGCGUUCGCGCCUAAGCUUGAACGGCCGUAUACCGAACGGUACGUACGGUCGUGUG,5
train,6t3n_A,4fb0_A,2012-11-14,x-ray diffraction,3.22,393,GGGGUGUGCCCGGCAUGGGUGCAGUCUAUAGGGUGAGAGUCCCGAACUGUGAAGGCAGAAGUAACAGUUAGCCUAACGCAAGGGUGUCCGUGGCGACAUGGAAUCUGAAGGAAGCGGACGGCAAACCUUCGGUCUGAGGAACACGAACUUCAUAUGAGGCUAGGUAUCAAUGGAUGAGUUUGCAUAACAAAACAAAGUCCUUUCUGCCAAAGUUGGUACAGAGUAAAUGAAGCAGAUUGAUGAAGGGAAAGACUGCAUUCUUACCCGGGGAGGUCUGGAAACAGAAGUCAGCAGAAGUCAUAGUACCCUGUUCGCAGGGGAAGGACGGAACAAGUAUGGCGUUCGCGCCUAAGCUUGAACCGCCGUAUACCGAACGGUAGGUACGGUGGUGUG,5
train,6t3n_A,4e8n_A,2012-11-14,x-ray diffraction,2.96,393,GGGGUGUGCCCGGCAUGGGUGCAGUCUAUAGGGUGAGAGUCCCGAACUGUGAAGGCAGAAGUAACAGUUAGCCUAACGCAAGGGUGUCCGUGGCGACAUGGAAUCUGAAGGAAGCGGACGGCAAACCUUCGGUCUGAGGAACACGAACUUCAUAUGAGGCUAGGUAUCAAUGGAUGAGUUUGCAUAACAAAACAAAGUCCUUUCUGCCAAAGUUGGUACAGAGUAAAUGAAGCAGAUUGAUGAAGGGAAAGACUGCAUUCUUACCCGGGGAGGUCUGGAAACAGAAGUCAGCAGAAGUCAUAGUACCCUGUUCGCAGGGGAAGGACGGAACAAGUAUGGCGUUCGCGCCUAAGCUUGAACCGCCGUAUACCGAACGGUACGUACGGUGGUGUG,5
train,6t3n_A,6t3r_A,2020-05-13,x-ray diffraction,3.57,390,GUGUGCCCGGCAUGGGUGCAGUCUAUAGGGUGAGAGUCCCGAACUGUGAAGGCAGAAGUAACAGUUAGCCUAACGCAAGGGUGUCCGUGGCGACAUGGAAUCUGAAGGAAGCGGACGGCAAACCUUCGGUCUGAGGAACACGAACUUCAUAUGAGGCUAGGUAUCAAUGGAUGAGUUUGCAUAACAAAACAAAGUCCUUUCUGCCAAAGUUGGUACAGAGUAAAUGAAGCAGAUUGAUGAAGGGAAAGACUGCAUUCUUACCCGGGGAGGUCUGGAAACAGAAGUCAGUAGAAGUCAUAGUACCCUGUUCGCAGGGGAAGGACGGAACAAGUAUGGCGUUCGCGCCUAAGCUUGAACUGCCGUAUACCGAACGGUACGUACGGUAGUGUG,5
train,6t3n_A,4e8r_A,2012-11-14,x-ray diffraction,3.36,393,GGGGUGUGCCCGGCAUGGGUGCAGUCUAUAGGGUGAGAGUCCCGAACUGUGAAGGCAGAAGUAACAGUUAGCCUAACGCAAGGGUGUCCGUGGCGACAUGGAAUCUGAAGGAAGCGGACGGCAAACCUUCGGUCUGAGGAACACGAACUUCAUAUGAGGCUAGGUAUCAAUGGAUGAGUUUGCAUAACAAAACAAAGUCCUUUCUGCCAAAGUUGGUACAGAGUAAAUGAAGCAGAUUGAUGAAGGGAAAGACUGCAUUCUUACCCGGGGAGGUCUGGAAACAGAAGUCAGCAGAAGUCAUAGUACCCUGUUCGCAGGGGAAGGACGGAACAAGUAUGGCGUUCGCGCCUAAGCUUGAACCGCCGUAUACCGAACGGUACGUACGGUGGUGUG,5
train,6t3n_A,4e8q_A,2012-11-14,x-ray diffraction,2.84,393,GGGGUGUGCCCGGCAUGGGUGCAGUCUAUAGGGUGAGAGUCCCGAACUGUGAAGGCAGAAGUAACAGUUAGCCUAACGCAAGGGUGUCCGUGGCGACAUGGAAUCUGAAGGAAGCGGACGGCAAACCUUCGGUCUGAGGAACACGAACUUCAUAUGAGGCUAGGUAUCAAUGGAUGAGUUUGCAUAACAAAACAAAGUCCUUUCUGCCAAAGUUGGUACAGAGUAAAUGAAGCAGAUUGAUGAAGGGAAAGACUGCAUUCUUACCCGGGGAGGUCUGGAAACAGAAGUCAGCAGAAGUCAUAGUACCCUGUUCGCAGGGGAAGGACGGAACAAGUAUGGCGUUCGCGCCUAAGCUUGAACCGCCGUAUACCGAACGGUACGUACGGUGGUGUG,5
train,6t3n_A,4faw_A,2012-11-14,x-ray diffraction,2.7,394,GGGGUGUGCCCGGCAUGGGUGCAGUCUAUAGGGUGAGAGUCCCGAACUGUGAAGGCAGAAGUAACAGUUAGCCUAACGCAAGGGUGUCCGUGGCGACAUGGAAUCUGAAGGAAGCGGACGGCAAACCUUCGGUCUGAGGAACACGAACUUCAUAUGAGGCUAGGUAUCAAUGGAUGAGUUUGCAUAACAAAACAAAGUCCUUUCUGCCAAAGUUGGUACAGAGUAAAUGAAGCAGAUUGAUGAAGGGAAAGACUGCAUUCUUACCCGGGGAGGUCUGGAAACAGAAGUCAGCAGAAGUCAUAGUACCCUGUUCGCAGGGGAAGGACGGAACAAGUAUGGCGUUCGCGCCUAAGCUUGAACCGCCGUAUACCGAACGGUACGUACGGUGGUGUGG,5
train,6t3n_A,4far_A,2012-11-14,x-ray diffraction,2.86,390,GUGUGCCCGGCAUGGGUGCAGUCUAUAGGGUGAGAGUCCCGAACUGUGAAGGCAGAAGUAACAGUUAGCCUAACGCAAGGGUGUCCGUGGCGACAUGGAAUCUGAAGGAAGCGGACGGCAAACCUUCGGUCUGAGGAACACGAACUUCAUAUGAGGCUAGGUAUCAAUGGAUGAGUUUGCAUAACAAAACAAAGUCCUUUCUGCCAAAGUUGGUACAGAGUAAAUGAAGCAGAUUGAUGAAGGGAAAGACUGCAUUCUUACCCGGGGAGGUCUGGAAACAGAAGUCAGCAGAAGUCAUAGUACCCUGUUCGCAGGGGAAGGACGGAACAAGUAUGGCGUUCGCGCCUAAGCUUGAACCGCCGUAUACCGAACGGUACGUACGGUGGUGUG,5
train,6t3n_A,4fax_A,2012-11-14,x-ray diffraction,3.1,394,GGGGGUGUGCCCGGCAUGGGUGCAGUCUAUAGGGUGAGAGUCCCGAACUGUGAAGGCAGAAGUAACAGUUAGCCUAACGCAAGGGUGUCCGUGGCGACAUGGAAUCUGAAGGAAGCGGACGGCAAACCUUCGGUCUGAGGAACACGAACUUCAUAUGAGGCUAGGUAUCAAUGGAUGAGUUUGCAUAACAAAACAAAGUCCUUUCUGCCAAAGUUGGUACAGAGUAAAUGAAGCAGAUUGAUGAAGGGAAAGACUGCAUUCUUACCCGGGGAGGUCUGGAAACAGAAGUCAGCAGAAGUCAUAGUACCCUGUUCGCAGGGGAAGGACGGAACAAGUAUGGCGUUCGCGCCUAAGCUUGAACCGCCGUAUACCGAACGGUACGUACGGUGGUGUG,5
train,6t3n_A,4e8p_A,2012-11-14,x-ray diffraction,3.28,393,GGGGUGUGCCCGGCAUGGGUGCAGUCUAUAGGGUGAGAGUCCCGAACUGUGAAGGCAGAAGUAACAGUUAGCCUAACGCAAGGGUGUCCGUGGCGACAUGGAAUCUGAAGGAAGCGGACGGCAAACCUUCGGUCUGAGGAACACGAACUUCAUAUGAGGCUAGGUAUCAAUGGAUGAGUUUGCAUAACAAAACAAAGUCCUUUCUGCCAAAGUUGGUACAGAGUAAAUGAAGCAGAUUGAUGAAGGGAAAGACUGCAUUCUUACCCGGGGAGGUCUGGAAACAGAAGUCAGCAGAAGUCAUAGUACCCUGUUCGCAGGGGAAGGACGGAACAAGUAUGGCGUUCGCGCCUAAGCUUGAACCGCCGUAUACCGAACGGUACGUACGGUGGUGUG,5
train,6t3n_A,4faq_A,2012-11-14,x-ray diffraction,3.11,396,GUUAUGUGUGCCCGGCAUGGGUGCAGUCUAUAGGGUGAGAGUCCCGAACUGUGAAGGCAGAAGUAACAGUUAGCCUAACGCAAGGGUGUCCGUGGCGACAUGGAAUCUGAAGGAAGCGGACGGCAAACCUUCGGUCUGAGGAACACGAACUUCAUAUGAGGCUAGGUAUCAAUGGAUGAGUUUGCAUAACAAAACAAAGUCCUUUCUGCCAAAGUUGGUACAGAGUAAAUGAAGCAGAUUGAUGAAGGGAAAGACUGCAUUCUUACCCGGGGAGGUCUGGAAACAGAAGUCAGCAGAAGUCAUAGUACCCUGUUCGCAGGGGAAGGACGGAACAAGUAUGGCGUUCGCGCCUAAGCUUGAACCGCCGUAUACCGAACGGUACGUACGGUGGUGUGG,5
train,6t3n_A,4fau_A,2012-11-14,x-ray diffraction,2.87,398,GGGGUUAUGUGUGCCCGGCAUGGGUGCAGUCUAUAGGGUGAGAGUCCCGAACUGUGAAGGCAGAAGUAACAGUUAGCCUAACGCAAGGGUGUCCGUGGCGACAUGGAAUCUGAAGGAAGCGGACGGCAAACCUUCGGUCUGAGGAACACGAACUUCAUAUGAGGCUAGGUAUCAAUGGAUGAGUUUGCAUAACAAAACAAAGUCCUUUCUGCCAAAGUUGGUACAGAGUAAAUGAAGCAGAUUGAUGAAGGGAAAGACUGCAUUCUUACCCGGGGAGGUCUGGAAACAGAAGUCAGCAGAAGUCAUAGUACCCUGUUCGCAGGGGAAGGACGGAACAAGUAUGGCGUUCGCGCCUAAGCUUGAACCGCCGUAUACCGAACGGUACGUACGGUGGUGUG,5
train,6t3n_A,6t3k_A,2020-05-13,x-ray diffraction,3.44,390,GUGUGCCCGGCAUGGGUGCAGUCUAUAGGGUGAGAGUCCCGAACUGUGAAGGCAGAAGUAACAGUUAGCCUAACGCAAGGGUGUCCGUGGCGACAUGGAAUCUGAAGGAAGCGGACGGCAAACCUUCGGUCUGAGGAACACGAACUUCAUAUGAGGCUAGGUAUCAAUGGAUGAGUUUGCAUAACAAAACAAAGUCCUUUCUGCCAAAGUUGGUACAGAGUAAAUGAAGCAGAUUGAUGAAGGGAAAGACUGCAUUCUUACCCGGGGAGGUCUGGAAACAGAAGUCAGGAGAAGUCAUAGUACCCUGUUCGCAGGGGAAGGACGGAACAAGUAUGGCGUUCGCGCCUAAGCUUGAACGGCCGUAUACCGAACGGUACGUACGGUCGUGUG,5
train,6t3n_A,4e8m_A,2012-11-14,x-ray diffraction,3.5,394,GGGGUGUGCCCGGCAUGGGUGCAGUCUAUAGGGUGAGAGUCCCGAACUGUGAAGGCAGAAGUAACAGUUAGCCUAACGCAAGGGUGUCCGUGGCGACAUGGAAUCUGAAGGAAGCGGACGGCAAACCUUCGGUCUGAGGAACACGAACUUCAUAUGAGGCUAGGUAUCAAUGGAUGAGUUUGCAUAACAAAACAAAGUCCUUUCUGCCAAAGUUGGUACAGAGUAAAUGAAGCAGAUUGAUGAAGGGAAAGACUGCAUUCUUACCCGGGGAGGUCUGGAAACAGAAGUCAGCAGAAGUCAUAGUACCCUGUUCGCAGGGGAAGGACGGAACAAGUAUGGCGUUCGCGCCUAAGCUUGAACCGCCGUAUACCGAACGGUACGUACGGUGGUGUGG,5
train,6t3n_A,4e8k_A,2012-11-14,x-ray diffraction,3.03,393,GGGGUGUGCCCGGCAUGGGUGCAGUCUAUAGGGUGAGAGUCCCGAACUGUGAAGGCAGAAGUAACAGUUAGCCUAACGCAAGGGUGUCCGUGGCGACAUGGAAUCUGAAGGAAGCGGACGGCAAACCUUCGGUCUGAGGAACACGAACUUCAUAUGAGGCUAGGUAUCAAUGGAUGAGUUUGCAUAACAAAACAAAGUCCUUUCUGCCAAAGUUGGUACAGAGUAAAUGAAGCAGAUUGAUGAAGGGAAAGACUGCAUUCUUACCCGGGGAGGUCUGGAAACAGAAGUCAGCAGAAGUCAUAGUACCCUGUUCGCAGGGGAAGGACGGAACAAGUAUGGCGUUCGCGCCUAAGCUUGAACCGCCGUAUACCGAACGGUACGUACGGUGGUGUG,5
train,6t3n_A,4e8v_A,2012-11-14,x-ray diffraction,3.995,393,GGGGUGUGCCCGGCAUGGGUGCAGUCUAUAGGGUGAGAGUCCCGAACUGUGAAGGCAGAAGUAACAGUUAGCCUAACGCAAGGGUGUCCGUGGCGACAUGGAAUCUGAAGGAAGCGGACGGCAAACCUUCGGUCUGAGGAACACGAACUUCAUAUGAGGCUAGGUAUCAAUGGAUGAGUUUGCAUAACAAAACAAAGUCCUUUCUGCCAAAGUUGGUACAGAGUAAAUGAAGCAGAUUGAUGAAGGGAAAGACUGCAUUCUUACCCGGGGAGGUCUGGAAACAGAAGUCAGCAGAAGUCAUAGUACCCUGUUCGCAGGGGAAGGACGGAACAAGUAUGGCGUUCGCGCCUAAGCUUGAACCGCCGUAUACCGAACGGUACGUACGGUGGUGUG,5
train,6t3n_A,6t3s_A,2020-05-13,x-ray diffraction,3.28,398,GGGGUUAUGUGUGCCCGGCAUGGGUGCAGUCUAUAGGGUGAGAGUCCCGAACUGUGAAGGCAGAAGUAACAGUUAGCCUAACGCAAGGGUGUCCGUGGCGACAUGGAAUCUGAAGGAAGCGGACGGCAAACCUUCGGUCUGAGGAACACGAACUUCAUAUGAGGCUAGGUAUCAAUGGAUGAGUUUGCAUAACAAAACAAAGUCCUUUCUGCCAAAGUUGGUACAGAGUAAAUGAAGCAGAUUGAUGAAGGGAAAGACUGCAUUCUUACCCGGGGAGGUCUGGAAACAGAAGUCAGUAGAAGUCAUAGUACCCUGUUCGCAGGGGAAGGACGGAACAAGUAUGGCGUUCGCGCCUAAGCUUGAACUGCCGUAUACCGAACGGUACGUACGGUAGUGUG,5
train,6t3n_A,4e8t_A,2012-11-14,x-ray diffraction,3.34,393,GGGGUGUGCCCGGCAUGGGUGCAGUCUAUAGGGUGAGAGUCCCGAACUGUGAAGGCAGAAGUAACAGUUAGCCUAACGCAAGGGUGUCCGUGGCGACAUGGAAUCUGAAGGAAGCGGACGGCAAACCUUCGGUCUGAGGAACACGAACUUCAUAUGAGGCUAGGUAUCAAUGGAUGAGUUUGCAUAACAAAACAAAGUCCUUUCUGCCAAAGUUGGUACAGAGUAAAUGAAGCAGAUUGAUGAAGGGAAAGACUGCAUUCUUACCCGGGGAGGUCUGGAAACAGAAGUCAGCAGAAGUCAUAGUACCCUGUUCGCAGGGGAAGGACGGAACAAGUAUGGCGUUCGCGCCUAAGCUUGAACCGCCGUAUACCGAACGGUACGUACGGUGGUGUG,5
train,1akx_A,1akx_A,1997-11-19,solution nmr,inf,30,GGCCAGAUUGAGCCUGGGAGCUCUCUGGCC,1
train,1akx_A,1aju_A,1997-12-17,solution nmr,inf,30,GGCCAGAUUGAGCCUGGGAGCUCUCUGGCC,1
train,1n7a_B,1n7a_B,2003-03-04,x-ray diffraction,1.2,6,UGAGGU,3
train,1n7a_B,1n7a_H,2003-03-04,x-ray diffraction,1.2,6,UGAGGU,3
train,1n7a_B,1n7a_F,2003-03-04,x-ray diffraction,1.2,6,UGAGGU,3
train,1n7a_B,1n7a_A,2003-03-04,x-ray diffraction,1.2,6,UGAGGU,3
train,1n7a_B,1n7b_B,2003-03-04,x-ray diffraction,1.4,6,UGAGGU,3
train,1n7a_B,1n7b_H,2003-03-04,x-ray diffraction,1.4,6,UGAGGU,3
train,1n7a_B,1n7b_F,2003-03-04,x-ray diffraction,1.4,6,UGAGGU,3
train,1n7a_B,1n7b_A,2003-03-04,x-ray diffraction,1.4,6,UGAGGU,3
train,4qk9_A,4qk9_A,2014-08-06,x-ray diffraction,3.05,124,GGCGCUGAAUUCCCUGAAGGGAAACGGGGGACCCAAUCUUCAGGGGUGAAUCCCACGUAAGUGGGUAGGGCUAGUCUCUUUCGGCCCGAACCCGUCAGCUAACCUCGUAAGCGUGGAAAGAGGG,5
train,1kod_A,1kod_A,1996-11-08,solution nmr,inf,11,AGAAGGAGUGU,5
train,8u5z_C,8u5z_C,2024-03-27,x-ray diffraction,2.5,36,GCGUACGAAGGUGAGGAGAGGCGAGGAAGAGUACGC,1
train,8u5z_C,8u5z_B,2024-03-27,x-ray diffraction,2.5,36,GCGUACGAAGGUGAGGAGAGGCGAGGAAGAGUACGC,1
train,8u5z_C,8u5t_C,2024-03-27,x-ray diffraction,2.2,36,GCGUACGAAGGUGAGGAGAGGCGAGGAAGAGUACGC,1
train,8u5z_C,8u5t_A,2024-03-27,x-ray diffraction,2.2,36,GCGUACGAAGGUGAGGAGAGGCGAGGAAGAGUACGC,1
train,8u5z_C,8u5t_B,2024-03-27,x-ray diffraction,2.2,36,GCGUACGAAGGUGAGGAGAGGCGAGGAAGAGUACGC,1
train,6gzk_A,6gzk_A,2019-07-17,solution nmr,inf,48,GGACGACUGAACCGAAAGGUUCUUGGCUGCUUCGGCAGAGGUACGUCC,4
train,6gzk_A,6gzr_A,2019-07-17,solution nmr,inf,48,GGACGACUGAACCGAAAGGUUCUUGGCUGCUUCGGCAGAGGUACGUCC,4
train,4kzd_R,4kzd_R,2014-06-18,x-ray diffraction,2.19,84,GGACGCGACCGAAAUGGUGAAGGACGGGUCCAGUGCGAAACACGCACUGUUGAGUAGAGUGUGAGCUCCGUAACUGGUCGCGUC,2
train,4kzd_R,4ts2_Y,2014-07-23,x-ray diffraction,2.884,47,GCAGCCGGCUUGUUGAGUAGAGUGUGAGCUCCGUAACUGGUCGCGUC,2
train,4kzd_R,4q9r_R,2014-06-18,x-ray diffraction,3.12,84,GGACGCGACCGAAAUGGUGAAGGACGGGUCCAGUGCGAAACACGCACUGUUGAGUAGAGUGUGAGCUCCGUAACUGGUCGCGUC,2
train,4kzd_R,4q9q_R,2014-06-18,x-ray diffraction,2.45,84,GGACGCGACCGAAAUGGUGAAGGACGGGUCCAGUGCGAAACACGCACUGUUGAGUAGAGUGUGAGCUCCGUAACUGGUCGCGUC,2
train,6n5q_A,6n5q_A,2019-11-27,x-ray diffraction,2.946,128,GGUUGCCGAAUCCACCUAGAAAUGGUACGGAGGAACCGCUUUUUGGGGUUAAUCUGCAGUGAAGCUGCAGUAGGGAUACCUUCUGUCCCGCACCCGACAGCUAACUCCGGAGGCAAUAAAGGAAGGAG,3
train,6n5q_A,4qk8_A,2014-08-06,x-ray diffraction,3.05,122,GGUUGCCGAAUCCGAAAGGUACGGAGGAACCGCUUUUUGGGGUUAAUCUGCAGUGAAGCUGCAGUAGGGAUACCUUCUGUCCCGCACCCGACAGCUAACUCCGGAGGCAAUAAAGGAAGGAG,3
train,6n5q_A,6n5k_A,2019-11-27,x-ray diffraction,3.098,125,GGUUGCCGAAUCCAUGAUUUGGUACGGAGGAACCGCUUUUUGGGGUUAAUCUGCAGUGAAGCUGCAGUAGGGAUACCUUCUGUCCCGCACCCGACAGCUAACUCCGGAGGCAAUAAAGGAAGGAG,3
train,6n5q_A,6n5p_A,2019-11-27,x-ray diffraction,2.991,127,GGUUGCCGAAUCCAUGUCGUUUGGUACGGAGGAACCGCUUUUUGGGGUUAAUCUGCAGUGAAGCUGCAGUAGGGAUACCUUCUGUCCCGCACCCGACAGCUAACUCCGGAGGCAAUAAAGGAAGGAG,3
train,6n5q_A,6wtl_A,2021-05-05,x-ray diffraction,2.85,124,GGUUGCCGAAUCCAUAUGUGGUACGGAGGAACCGCUUUUUGGGGUUAAUCUGCAGUGAAGCUGCAGUAGGGAUACCUUCUGUCCCGCACCCGACAGCUAACUCCGGAGGCAAUAAAGGAAGGAG,3
train,6n5q_A,6wtr_A,2021-05-05,x-ray diffraction,3.082,125,GGUUGCCGAAUCCUUUACUUGGUACGGAGGAACCGCUUUUUGGGGUUAAUCUGCAGUGAAGCUGCAGUAGGGAUACCUUCUGUCCCGCACCCGACAGCUAACUCCGGAGGCAAUAAAGGAAGGAG,3
train,6n5q_A,6n5o_A,2019-11-27,x-ray diffraction,2.708,126,GGUUGCCGAAUCCGAUCUGGCGGUACGGAGGAACCGCUUUUUGGGGUUAAUCUGCAGUGAAGCUGCAGUAGGGAUACCUUCUGUCCCGCACCCGACAGCUAACUCCGGAGGCAAUAAAGGAAGGAG,3
train,6n5q_A,6n5t_A,2019-11-27,x-ray diffraction,2.787,126,GGUUGCCGAAUCCCCUAGAAAGGUACGGAGGAACCGCUUUUUGGGGUUAAUCUGCAGUGAAGCUGCAGUAGGGAUACCUUCUGUCCCGCACCCGACAGCUAACUCCGGAGGCAAUAAAGGAAGGAG,3
train,6n5q_A,6n5s_A,2019-11-27,x-ray diffraction,2.802,123,GGUUGCCGAAUCCAAAGUUGGUACGGAGGAACCGCUUUUUGGGGUUAAUCUGCAGUGAAGCUGCAGUAGGGAUACCUUCUGUCCCGCACCCGACAGCUAACUCCGGAGGCAAUAAAGGAAGGA,3
train,6n5q_A,6n5n_A,2019-11-27,x-ray diffraction,2.951,125,GGUUGCCGAAUCCGAUGCUCGGUACGGAGGAACCGCUUUUUGGGGUUAAUCUGCAGUGAAGCUGCAGUAGGGAUACCUUCUGUCCCGCACCCGACAGCUAACUCCGGAGGCAAUAAAGGAAGGAG,3
train,6n5q_A,4qka_A,2014-08-06,x-ray diffraction,3.2,122,GGUUGCCGAAUCCGAAAGGUACGGAGGAACCGCUUUUUGGGGUUAAUCUGCAGUGAAGCUGCAGUAGGGAUACCUUCUGUCCCGCACCCGACAGCUAACUCCGGAGGCAAUAAAGGAAGGAG,3
train,7a3y_B,7a3y_B,2021-03-10,solution nmr,inf,12,CAGGAUAGCUGC,2
train,4nfo_C,4nfo_C,2014-07-02,x-ray diffraction,1.96,16,GCAGACUUAAGUCUGC,5
train,4nfo_C,4nfo_A,2014-07-02,x-ray diffraction,1.96,16,GCAGACUUAAGUCUGC,5
train,4nfo_C,4nfo_B,2014-07-02,x-ray diffraction,1.96,16,GCAGACUUAAGUCUGC,5
train,3tzr_B,3tzr_B,2012-03-21,x-ray diffraction,2.212,16,GGUCGUGCAGCCUCGG,3
train,3b4a_A,3b4a_A,2007-12-11,x-ray diffraction,2.7,28,AAGCGCCUGGACUUAAAGCCAUUGCACU,3
train,3b4a_A,3b4b_A,2007-12-11,x-ray diffraction,2.7,26,GCGCCUGGACUUAAAGCCAUUGCACU,3
train,3b4a_A,2ho7_A,2006-09-26,x-ray diffraction,2.9,27,AGCGCCUGGACUUAAAGCCAUUGCACU,3
train,3b4a_A,3b4c_A,2007-12-11,x-ray diffraction,3.0,26,GCGCCUGGACUUAAAGCCAUUGCACU,3
train,1am0_A,1am0_A,1997-07-23,solution nmr,inf,40,GGGUUGGGAAGAAACUGUGGCACUUCGGUGCCAGCAACCC,5
train,4p3s_A,4p3s_A,2016-05-04,x-ray diffraction,2.3,23,UUGCGUCCCGUCGACGAAGUCGC,2
train,4p3s_A,4p3s_B,2016-05-04,x-ray diffraction,2.3,23,UUGCGUCCCGUCGACGAAGUCGC,2
train,1ykv_C,1ykv_C,2005-02-22,x-ray diffraction,3.3,11,GGAGCUCGCCC,5
train,1ykv_C,1ykv_A,2005-02-22,x-ray diffraction,3.3,11,GGAGCUCGCCC,5
train,1ykv_C,1yls_C,2005-02-22,x-ray diffraction,3.0,11,GGAGCUCGCCC,5
train,1ykv_C,1yls_A,2005-02-22,x-ray diffraction,3.0,11,GGAGCUCGCCC,5
train,2oe5_B,2oe5_B,2007-02-13,x-ray diffraction,1.51,17,GGUACUAAAAGUCGCCC,4
train,4k32_A,4k32_A,2013-07-31,x-ray diffraction,2.5,23,UUGCGUCGUUCCGGAAAAGUCGC,4
train,4k32_A,4k32_B,2013-07-31,x-ray diffraction,2.5,23,UUGCGUCGUUCCGGAAAAGUCGC,4
train,4k32_A,4k31_C,2013-07-31,x-ray diffraction,1.415,23,UUGCGUCGUUCCGGAAAAGUCGC,4
train,4k32_A,4k31_B,2013-07-31,x-ray diffraction,1.415,23,UUGCGUCGUUCCGGAAAAGUCGC,4
train,1raw_A,1raw_A,1997-01-27,solution nmr,inf,36,GGGAAGGGAAGAAACUGCGGCUUCGGCCGGCUUCCC,1
train,4oqu_A,4oqu_A,2014-06-04,x-ray diffraction,3.2,97,GGAUCACGAGGGGGAGACCCCGGCAACCUGGGACGGACACCCAAGGUGCUCACACCGGAGACGGUGGAUCCGGCCCGAGAGGGCAACGAAGGUCCGA,5
train,4oqu_A,4l81_A,2014-05-28,x-ray diffraction,2.95,96,GGAUCACGAGGGGGAGACCCCGGCAACCUGGGACGGACACCCAAGGUGCUCACACCGGAGACGGUGGAUCCGGCCCGAGAGGGCAACGAAGUCCGU,5
train,5zej_A,5zej_A,2018-03-21,x-ray diffraction,3.5,22,UGCGUCACGUCGACGAAGUCGC,2
train,5zej_A,5zej_B,2018-03-21,x-ray diffraction,3.5,22,UGCGUCACGUCGACGAAGUCGC,2
train,5zej_A,5zei_A,2018-03-21,x-ray diffraction,2.1,22,UGCGUCACGUCGACGAAGUCGC,2
train,7e9i_A,7e9i_A,2021-11-17,x-ray diffraction,2.8,33,CUGGGUCGCAGUAACCCCAGUUAACAAAACAAG,3
train,7e9i_A,6e1s_A,2019-04-10,x-ray diffraction,1.8,33,CUGGGUCGCAGUNNCCCCAGUUAACAAAACAAG,3
train,7e9i_A,7e9e_A,2021-11-17,x-ray diffraction,1.57,33,CUGGGUCGCAGUNNCCCCAGUUAACAAAACAAG,3
train,7e9i_A,3q50_A,2011-05-18,x-ray diffraction,2.75,33,CUGGGUCGCAGUAACCCCAGUUAACAAAACAAG,3
train,7e9i_A,6vui_A,2020-06-24,x-ray diffraction,2.681,33,CUGGGUCGCAGUAACCCCAGUUAACAAAACAAG,3
train,7e9i_A,6e1u_A,2019-04-10,x-ray diffraction,1.94,33,CUGGGUCGCAGUNNCCCCAGUUAACAAAACAAG,3
train,7e9i_A,6e1w_A,2019-04-10,x-ray diffraction,1.69,33,CUGGGUCGCAGUNNCCCCAGUUAACAAAACAAG,3
train,7e9i_A,3gca_A,2009-03-03,x-ray diffraction,2.75,33,CUGGGUCGCAGUAACCCCAGUUAACAAAACAAG,3
train,6ck5_A,6ck5_A,2018-06-20,x-ray diffraction,2.5,117,GUGAAAGUGUACCUAGGGUUCCAGCCUAUUUGUAGGUGUUCGGACCGAGCGGUACAGGUAUAUUUUUAUAUACCACACCUUAGGGACAAAAGCCCGGGAGGAUAGGUUUCACUCGUA,4
train,6ck5_A,6ck5_B,2018-06-20,x-ray diffraction,2.5,117,GUGAAAGUGUACCUAGGGUUCCAGCCUAUUUGUAGGUGUUCGGACCGAGCGGUACAGGUAUAUUUUUAUAUACCACACCUUAGGGACAAAAGCCCGGGAGGAUAGGUUUCACUCGUA,4
train,6ck5_A,6ck4_C,2018-06-20,x-ray diffraction,3.097,117,GUGAAAGUGUACCUAGGGUUCCAGCCUAUUUGUAGGUGUUCGGACCGAGCGGUACAGGUAUAUUUUUAUAUACCACACCUUAGGGACAAAAGCCCGAGAGGAUAGGUUUCACUCGUA,4
train,6ck5_A,6ck4_D,2018-06-20,x-ray diffraction,3.097,117,GUGAAAGUGUACCUAGGGUUCCAGCCUAUUUGUAGGUGUUCGGACCGAGCGGUACAGGUAUAUUUUUAUAUACCACACCUUAGGGACAAAAGCCCGAGAGGAUAGGUUUCACUCGUA,4
train,6ck5_A,6ck4_A,2018-06-20,x-ray diffraction,3.097,117,GUGAAAGUGUACCUAGGGUUCCAGCCUAUUUGUAGGUGUUCGGACCGAGCGGUACAGGUAUAUUUUUAUAUACCACACCUUAGGGACAAAAGCCCGAGAGGAUAGGUUUCACUCGUA,4
train,6ck5_A,6ck4_B,2018-06-20,x-ray diffraction,3.097,117,GUGAAAGUGUACCUAGGGUUCCAGCCUAUUUGUAGGUGUUCGGACCGAGCGGUACAGGUAUAUUUUUAUAUACCACACCUUAGGGACAAAAGCCCGAGAGGAUAGGUUUCACUCGUA,4
train,7zj4_E,7zj4_E,2023-04-19,electron microscopy,4.43,374,GGAUACGUCUACGCUCAGUGACGGACUCUCUUCGGAGAGUCUGACAUCCGAACCAUACACGGAUGUGCCUCGCCGAACAGUCUACGGCGAGCUUAAGCGCUGGGGACGCCCAACGCAUCACAAAGACUGAGUGAUGAACCAGAAGUAUGGACUGGUUGCGUUGGUGGAGACGGUCGGGUCCAGUUCGCUGUCGAGUAGAGUGUGGGCUCCAUCGACGCCGCUUUAAGGUCCCCAAUCGUGGCGUGUCGGCCUGCUUCGGCAGGCACUGGCGCCGGGACCUUGAAGAGAUGAGAUUUCGAUCUCAUCUUUGGGUGUCUCUGGUGCUUGAGGGCCCUGUGUUCGCACAGGGCCGCUCACUGGGUGUGGACGUAUCC,2
train,7rwr_A,7rwr_A,2022-07-20,solution nmr,inf,38,GGAUACACAAGAGUGAUUGAAACUAAGUCUGUGUAUCC,3
train,4rzd_A,4rzd_A,2015-07-01,x-ray diffraction,2.75,101,GAGCAACUUAGGAUUUUAGGCUCCCCGGCGUGUCUCGAACCAUGCCGGGCCAAACCCAUAGGGCUGGCGGUCCCUGUGCGGUCAAAAUUCAUCCGCCGGAG,3
train,4rzd_A,6xko_A,2021-12-29,x-ray diffraction,2.75,101,GAGCAACUUAGGAUUUUAGGCUCCCCGGCGUGUCUCGAACCAUGCCGGGCCAAACCCAUAGGGCUGGCGGUCCCUGUGCGGUCGAAAUUCAUCCGCCGGAG,3
train,4rzd_A,6xkn_A,2021-12-29,x-ray diffraction,2.73,101,GAGCAACUUAGGAUUUUAGGCUCCCCGGCGUGUCUCGAACCAUGCCGGGCCGAACCCAUAGGGCUGGCGGUCCCUGUGCGGUCAAAAUUCAUCCGCCGGAG,3
train,3npq_C,3npq_C,2010-10-06,x-ray diffraction,2.1814,54,GGACGAGGAGCGCUGCAAGCGAGAGCCCAGGCUCGUCCGUUCAAACGGCGCUCA,1
train,3npq_C,3npq_A,2010-10-06,x-ray diffraction,2.1814,54,GGACGAGGAGCGCUGCAAGCGAGAGCCCAGGCUCGUCCGUUCAAACGGCGCUCA,1
train,3npq_C,3npq_B,2010-10-06,x-ray diffraction,2.1814,54,GGACGAGGAGCGCUGCAAGCGAGAGCCCAGGCUCGUCCGUUCAAACGGCGCUCA,1
train,3npq_C,3npn_A,2010-10-06,x-ray diffraction,2.792,54,GGACGAGGAGCGUUGCAAGCGAAAGCCCAGGCUAGUCCGUUCAAACGGCGCUCA,1
train,2et8_A,2et8_A,2005-12-13,x-ray diffraction,2.5,22,CGCGUCACACCGGUGAAGUCGC,3
train,2et8_A,2et8_B,2005-12-13,x-ray diffraction,2.5,22,CGCGUCACACCGGUGAAGUCGC,3
train,2et8_A,2et3_A,2005-12-13,x-ray diffraction,2.8,22,CGCGUCACACCGGUGAAGUCGC,3
train,2et8_A,2et3_B,2005-12-13,x-ray diffraction,2.8,22,CGCGUCACACCGGUGAAGUCGC,3
train,2et8_A,2bee_A,2005-12-20,x-ray diffraction,2.6,22,CGCGUCACACCGGUGAAGUCGC,3
train,2et8_A,2bee_B,2005-12-20,x-ray diffraction,2.6,22,CGCGUCACACCGGUGAAGUCGC,3
train,2et8_A,1j7t_A,2002-05-18,x-ray diffraction,2.5,22,CGCGUCACACCGGUGAAGUCGC,3
train,2et8_A,1j7t_B,2002-05-18,x-ray diffraction,2.5,22,CGCGUCACACCGGUGAAGUCGC,3
train,2et8_A,2esj_A,2005-12-20,x-ray diffraction,2.2,22,CGCGUCACACCGGUGAAGUCGC,3
train,2et8_A,2esj_B,2005-12-20,x-ray diffraction,2.2,22,CGCGUCACACCGGUGAAGUCGC,3
train,2et8_A,1mwl_A,2003-02-18,x-ray diffraction,2.4,22,CGCGUCACACCGGUGAAGUCGC,3
train,2et8_A,1mwl_B,2003-02-18,x-ray diffraction,2.4,22,CGCGUCACACCGGUGAAGUCGC,3
train,2et8_A,2et4_A,2005-12-13,x-ray diffraction,2.4,22,CGCGUCACACCGGUGAAGUCGC,3
train,2et8_A,2et4_B,2005-12-13,x-ray diffraction,2.4,22,CGCGUCACACCGGUGAAGUCGC,3
train,2et8_A,2be0_A,2005-12-20,x-ray diffraction,2.63,22,CGCGUCACACCGGUGAAGUCGC,3
train,2et8_A,2be0_B,2005-12-20,x-ray diffraction,2.63,22,CGCGUCACACCGGUGAAGUCGC,3
train,7edt_A,7edt_A,2022-03-23,x-ray diffraction,1.2,12,GGACUCCGGUCC,4
train,7fhi_A,7fhi_A,2021-12-01,solution nmr,inf,20,GGAUGCUUACUCAGCCAUCC,5
train,4w90_C,4w90_C,2014-10-15,x-ray diffraction,3.118,119,GCGCGCUUAAUCUGAAAUCAGAGCGGGGGACCCAUUGCACUCCGGGUUUUUCCCGUAGGGGUGAAUCCUUUUUAGGUAGGGCGAAAGCCCGAAUCCGUCAGCUAACCUCGUAAGCGCGC,1
train,4w90_C,4w92_C,2014-10-22,x-ray diffraction,3.209,119,GCGCGCUUAAUCUGAAAUCAGAGCGGGGGACCCAUUGCACUCCGGGUUUUUCCCGUAGGGGUGAAUCCUUUUUAGGUAGGGCGAAAGCCCGAAUCCGUCAGCUAACCUCGUAAGCGCGC,1
train,3g96_F,3g96_F,2009-11-03,x-ray diffraction,3.01,13,AAGCGCCAGAACU,3
train,3g96_F,3g9c_E,2009-11-03,x-ray diffraction,2.9,11,GCGCCAGAACU,3
train,3g96_F,3l3c_H,2009-12-29,x-ray diffraction,2.85,13,AAGCGCCAGAACU,3
train,3g96_F,3l3c_E,2009-12-29,x-ray diffraction,2.85,13,AAGCGCCAGAACU,3
train,3g96_F,3l3c_F,2009-12-29,x-ray diffraction,2.85,13,AAGCGCCAGAACU,3
train,3g96_F,3l3c_G,2009-12-29,x-ray diffraction,2.85,13,AAGCGCCAGAACU,3
train,3g96_F,2nz4_H,2007-01-16,x-ray diffraction,2.498,13,AAGCGCCAGAACU,3
train,3g96_F,2nz4_E,2007-01-16,x-ray diffraction,2.498,13,AAGCGCCAGAACU,3
train,3g96_F,2nz4_F,2007-01-16,x-ray diffraction,2.498,13,AAGCGCCAGAACU,3
train,3g96_F,2nz4_G,2007-01-16,x-ray diffraction,2.498,13,AAGCGCCAGAACU,3
train,3g96_F,3g8t_H,2009-11-03,x-ray diffraction,3.0,13,AAGCGCCAGAACU,3
train,3g96_F,3g8t_E,2009-11-03,x-ray diffraction,3.0,13,AAGCGCCAGAACU,3
train,3g96_F,3g8t_F,2009-11-03,x-ray diffraction,3.0,13,AAGCGCCAGAACU,3
train,3g96_F,3g8t_G,2009-11-03,x-ray diffraction,3.0,13,AAGCGCCAGAACU,3
train,8fza_A,8fza_A,2023-08-30,x-ray diffraction,2.3,30,UUGGGUUCCCUCACCCCAAUCAUAAAAAGG,4
train,8fza_A,8fza_B,2023-08-30,x-ray diffraction,2.3,30,UUGGGUUCCCUCACCCCAAUCAUAAAAAGG,4
train,2kd4_A,2kd4_A,2009-04-07,solution nmr,inf,8,GCCGCGGC,3
train,2kd4_A,2kd4_B,2009-04-07,solution nmr,inf,8,GCCGCGGC,3
train,8i44_A,8i44_A,2023-03-29,solution nmr,inf,19,GGAUGCUUUCGAGCCAUCC,1
train,5v3f_A,5v3f_A,2017-05-24,x-ray diffraction,1.7,31,GUGCGAAGGGACGGUGCGGAGAGGAGAGCAC,5
train,5v3f_A,5v3f_B,2017-05-24,x-ray diffraction,1.7,31,GUGCGAAGGGACGGUGCGGAGAGGAGAGCAC,5
train,7elp_A,7elp_A,2021-06-30,x-ray diffraction,2.79,45,GAGUAGAAGCGUUCAGCGGCCGAAAGGCCGCCCGGAAAUUGCUCC,1
train,7elp_A,7elp_B,2021-06-30,x-ray diffraction,2.79,45,GAGUAGAAGCGUUCAGCGGCCGAAAGGCCGCCCGGAAAUUGCUCC,1
train,8g8z_R,8g8z_R,2023-06-21,electron microscopy,4.3,48,GCAGAGGUUCUAGCUACACCCUCUAUAAAAAACUAAGGACCACACGAG,4
train,8g8z_R,3fu2_C,2009-03-03,x-ray diffraction,2.85,34,AGAGGUUCUAGCUACACCCUCUAUAAAAAACUAA,4
train,8g8z_R,3fu2_A,2009-03-03,x-ray diffraction,2.85,34,AGAGGUUCUAGCUACACCCUCUAUAAAAAACUAA,4
train,8g8z_R,3fu2_B,2009-03-03,x-ray diffraction,2.85,34,AGAGGUUCUAGCUACACCCUCUAUAAAAAACUAA,4
train,8g8z_R,2l1v_A,2010-09-01,solution nmr,inf,36,GGAGAGGUUCUAGUUAUACCCUCUAUAAAAAACUAA,4
train,8g8z_R,8g7e_R,2023-06-21,electron microscopy,3.9,47,GCAGAGGUUCUAGCUACACCCUCUAUAAAAAACUAAGGACCACACGA,4
train,8g8z_R,8g4w_R,2023-06-21,electron microscopy,3.8,47,GCAGAGGUUCUAGCUACACCCUCUAUAAAAAACUAAGGACCACACGA,4
train,4f8u_A,4f8u_A,2012-08-15,x-ray diffraction,2.0,22,UGCGUCACACCGGUGAAGUCGC,2
train,8hb3_B,8hb3_B,2023-03-22,x-ray diffraction,2.87,31,GCGACACGGCUCUUUAAAAACAAAAGGAGAA,4
train,8hb3_B,8hb1_B,2023-03-22,x-ray diffraction,2.23,30,GCGACACGGCUCUUUAAAAACAAAAGGAGA,4
train,8hb3_B,8i3z_B,2023-03-22,x-ray diffraction,1.67,31,GCGACACGGCUCUUUAAAAACAAAAGGAGAA,4
train,2ktz_A,2ktz_A,2010-04-28,solution nmr,inf,38,GGAGGAACUACUGUCUUCCUUCGGGUCGUGCAGCCUCC,3
train,2ktz_A,2ku0_A,2010-04-28,solution nmr,inf,38,GGAGGAACUACUGUCUUCCUUCGGGUCGUGCAGCCUCC,3
train,3g96_Q,3g96_Q,2009-11-03,x-ray diffraction,3.01,141,GGCACCAUUGCACUCCGGUGCCAGUUGACGAGGUGGGGUUUAUCGAGAUUUCGGCGGAUGACUCCCGGUUGUUCAUCACAACCGCAAGCUUUUACUUAAAUCAUUAAGGUGACUUAGUGGACAAAGGUGAAAGUGUGAUGA,2
train,3g96_Q,3g9c_P,2009-11-03,x-ray diffraction,2.9,141,GGCACCAUUGCACUCCGGUGCCAGUUGACGAGGUGGGGUUUAUCGAGAUUUCGGCGGAUGACUCCCGGUUGUUCAUCACAACCGCAAGCUUUUACUUAAAUCAUUAAGGUGACUUAGUGGACAAAGGUGAAAGUGUGAUGA,2
train,3g96_Q,3l3c_Q,2009-12-29,x-ray diffraction,2.85,141,GGCACCAUUGCACUCCGGUGCCAGUUGACGAGGUGGGGUUUAUCGAGAUUUCGGCGGAUGACUCCCGGUUGUUCAUCACAACCGCAAGCUUUUACUUAAAUCAUUAAGGUGACUUAGUGGACAAAGGUGAAAGUGUGAUGA,2
train,3g96_Q,3l3c_S,2009-12-29,x-ray diffraction,2.85,141,GGCACCAUUGCACUCCGGUGCCAGUUGACGAGGUGGGGUUUAUCGAGAUUUCGGCGGAUGACUCCCGGUUGUUCAUCACAACCGCAAGCUUUUACUUAAAUCAUUAAGGUGACUUAGUGGACAAAGGUGAAAGUGUGAUGA,2
train,3g96_Q,3l3c_P,2009-12-29,x-ray diffraction,2.85,141,GGCACCAUUGCACUCCGGUGCCAGUUGACGAGGUGGGGUUUAUCGAGAUUUCGGCGGAUGACUCCCGGUUGUUCAUCACAACCGCAAGCUUUUACUUAAAUCAUUAAGGUGACUUAGUGGACAAAGGUGAAAGUGUGAUGA,2
train,3g96_Q,3l3c_R,2009-12-29,x-ray diffraction,2.85,141,GGCACCAUUGCACUCCGGUGCCAGUUGACGAGGUGGGGUUUAUCGAGAUUUCGGCGGAUGACUCCCGGUUGUUCAUCACAACCGCAAGCUUUUACUUAAAUCAUUAAGGUGACUUAGUGGACAAAGGUGAAAGUGUGAUGA,2
train,3g96_Q,2nz4_Q,2007-01-16,x-ray diffraction,2.498,141,GGCACCAUUGCACUCCGGUGCCAGUUGACGAGGUGGGGUUUAUCGAGAUUUCGGCGGAUGACUCCCGGUUGUUCAUCACAACCGCAAGCUUUUACUUAAAUCAUUAAGGUGACUUAGUGGACAAAGGUGAAAGUGUGAUGA,2
train,3g96_Q,2nz4_S,2007-01-16,x-ray diffraction,2.498,141,GGCACCAUUGCACUCCGGUGCCAGUUGACGAGGUGGGGUUUAUCGAGAUUUCGGCGGAUGACUCCCGGUUGUUCAUCACAACCGCAAGCUUUUACUUAAAUCAUUAAGGUGACUUAGUGGACAAAGGUGAAAGUGUGAUGA,2
train,3g96_Q,2nz4_P,2007-01-16,x-ray diffraction,2.498,141,GGCACCAUUGCACUCCGGUGCCAGUUGACGAGGUGGGGUUUAUCGAGAUUUCGGCGGAUGACUCCCGGUUGUUCAUCACAACCGCAAGCUUUUACUUAAAUCAUUAAGGUGACUUAGUGGACAAAGGUGAAAGUGUGAUGA,2
train,3g96_Q,2nz4_R,2007-01-16,x-ray diffraction,2.498,141,GGCACCAUUGCACUCCGGUGCCAGUUGACGAGGUGGGGUUUAUCGAGAUUUCGGCGGAUGACUCCCGGUUGUUCAUCACAACCGCAAGCUUUUACUUAAAUCAUUAAGGUGACUUAGUGGACAAAGGUGAAAGUGUGAUGA,2
train,3g96_Q,3g8t_Q,2009-11-03,x-ray diffraction,3.0,141,GGCACCAUUGCACUCCGGUGCCAGUUGACGAGAUGGGGUUUAUCGAGAUUUCGGCGGAUGACUCCCGGUUGUUCAUCACAACCGCAAGCUUUUACUUAAAUCAUUAAGGUGACUUAGUGGACAAAGGUGAAAGUGUGAUGA,2
train,3g96_Q,3g8t_S,2009-11-03,x-ray diffraction,3.0,141,GGCACCAUUGCACUCCGGUGCCAGUUGACGAGAUGGGGUUUAUCGAGAUUUCGGCGGAUGACUCCCGGUUGUUCAUCACAACCGCAAGCUUUUACUUAAAUCAUUAAGGUGACUUAGUGGACAAAGGUGAAAGUGUGAUGA,2
train,3g96_Q,3g8t_P,2009-11-03,x-ray diffraction,3.0,141,GGCACCAUUGCACUCCGGUGCCAGUUGACGAGAUGGGGUUUAUCGAGAUUUCGGCGGAUGACUCCCGGUUGUUCAUCACAACCGCAAGCUUUUACUUAAAUCAUUAAGGUGACUUAGUGGACAAAGGUGAAAGUGUGAUGA,2
train,3g96_Q,3g8t_R,2009-11-03,x-ray diffraction,3.0,141,GGCACCAUUGCACUCCGGUGCCAGUUGACGAGAUGGGGUUUAUCGAGAUUUCGGCGGAUGACUCCCGGUUGUUCAUCACAACCGCAAGCUUUUACUUAAAUCAUUAAGGUGACUUAGUGGACAAAGGUGAAAGUGUGAUGA,2
valid,2ygh_A,2ygh_A,2011-09-07,x-ray diffraction,2.6,95,GGCUUAUCAAGAGAGGUGAAGGGACUGGCCCGACGAAACCCGGCAACCAGAAAUGGUGCCAAUUCCUGCAGCGGAAACGUUGAAAGAUGAGCCGA,3
valid,4qln_A,4qln_A,2014-08-13,x-ray diffraction,2.65,125,GGAUCGCUGAACCCGAAAGGGGCGGGGGACCCAGAAAUGGGGCGAAUCUCUUCCGAAAGGAAGAGUAGGGUUACUCCUUCGACCCGAGCCCGUCAGCUAACCUCGCAAGCGUCCGAAGGAGAAUC,4
valid,4qln_A,4qlm_A,2014-08-13,x-ray diffraction,2.721,125,GGAUCGCUGAACCCGAAAGGGGCGGGGGACCCAGAAAUGGGGCGAAUCUCUUCCGAAAGGAAGAGUAGGGUUACUCCUUCGACCCGAGCCCGUCAGCUAACCUCGCAAGCGUCCGAAGGAGAAUC,4
valid,5z1i_A,5z1i_A,2018-05-30,x-ray diffraction,1.903,21,GCGUCGCGCCGGCGAAGUCGC,5
valid,7mkt_A,7mkt_A,2022-11-02,x-ray diffraction,1.97,23,GUGUGUGUGUGUGUGUGUGUGUG,4
valid,1zz5_C,1zz5_C,2005-09-20,x-ray diffraction,3.0,15,GUGGUGAAGUCGCGG,5
valid,1zz5_C,1zz5_A,2005-09-20,x-ray diffraction,3.0,15,GUGGUGAAGUCGCGG,5
valid,1zz5_C,2a04_C,2005-09-20,x-ray diffraction,2.95,15,GUGGUGAAGUCGCGG,5
valid,1zz5_C,2a04_A,2005-09-20,x-ray diffraction,2.95,15,GUGGUGAAGUCGCGG,5
valid,8gxb_A,8gxb_A,2023-01-18,x-ray diffraction,2.15,61,GGAGCGUUACGUCCGAAAGUCGCAUUGCACUCCGCGACACGGCUCUUUAAAAACAAAAGGA,3
valid,8gxb_A,8gxb_B,2023-01-18,x-ray diffraction,2.15,61,GGAGCGUUACGUCCGAAAGUCGCAUUGCACUCCGCGACACGGCUCUUUAAAAACAAAAGGA,3
valid,8gxb_A,8gxc_A,2023-01-18,x-ray diffraction,2.5,61,GGAGCGUUACGUCCGAAAGUCGCAUUGCACUCCGCGACACGGCUCUUUAAAAACAAAAGGA,3
valid,8gxb_A,8gxc_B,2023-01-18,x-ray diffraction,2.5,61,GGAGCGUUACGUCCGAAAGUCGCAUUGCACUCCGCGACACGGCUCUUUAAAAACAAAAGGA,3
valid,5lwj_A,5lwj_A,2016-12-14,solution nmr,inf,34,GGCAGCCAGAAGAGCACGUAUACGCAAGGCUGUC,1
valid,6lax_A,6lax_A,2020-01-01,x-ray diffraction,2.7,55,GGCAUCGUGCCUCGCAUUGCACUCCGCGGGGCGAUAAGUCCUGAAAAGGGAUGUC,1
valid,6lax_A,6lax_B,2020-01-01,x-ray diffraction,2.7,55,GGCAUCGUGCCUCGCAUUGCACUCCGCGGGGCGAUAAGUCCUGAAAAGGGAUGUC,1
valid,6lax_A,6las_A,2020-01-01,x-ray diffraction,2.708,55,GGCAUUGUGCCUCGCAUUGCACUCCGCGGGGCGAUAAGUCCUGAAAAGGGAUGUC,1
valid,6lax_A,6las_B,2020-01-01,x-ray diffraction,2.708,55,GGCAUUGUGCCUCGCAUUGCACUCCGCGGGGCGAUAAGUCCUGAAAAGGGAUGUC,1
valid,6lax_A,6laz_A,2020-01-01,x-ray diffraction,2.76,55,GGCAUUGUGCCUCGCAUUGCACUCCGCGGGGCGAUAAGUCCUGAAAAGGGAUGUC,1
valid,6lax_A,6laz_B,2020-01-01,x-ray diffraction,2.76,55,GGCAUUGUGCCUCGCAUUGCACUCCGCGGGGCGAUAAGUCCUGAAAAGGGAUGUC,1
valid,6lax_A,6lau_A,2020-01-01,x-ray diffraction,3.109,55,GGCAUUGUGCCUCGCAUUGCACUCCGCGGGGCGAUAAGUCCUGAAAAGGGAUGUC,1
valid,6lax_A,6lau_B,2020-01-01,x-ray diffraction,3.109,55,GGCAUUGUGCCUCGCAUUGCACUCCGCGGGGCGAUAAGUCCUGAAAAGGGAUGUC,1
valid,8i45_A,8i45_A,2023-03-29,solution nmr,inf,19,GGACGCUUUCGAGCGGUCC,3
valid,2qwy_C,2qwy_C,2008-01-22,x-ray diffraction,2.8,52,GCGCGGCGAUUUAACCGUAUUGCAGUCGCGUGAUAAAUGUAGCUAAAAAGGA,1
valid,2qwy_C,2qwy_A,2008-01-22,x-ray diffraction,2.8,52,GCGCGGCGAUUUAACCGUAUUGCAGUCGCGUGAUAAAUGUAGCUAAAAAGGA,1
valid,2qwy_C,2qwy_B,2008-01-22,x-ray diffraction,2.8,52,GCGCGGCGAUUUAACCGUAUUGCAGUCGCGUGAUAAAUGUAGCUAAAAAGGA,1
valid,6hbt_A,6hbt_A,2019-02-20,x-ray diffraction,1.66,18,GGUGGGGACGACCCCACC,2
valid,6hbt_A,6hc5_A,2019-02-20,x-ray diffraction,1.413,18,GGUGGGGACGACCCCACC,2
valid,3k1v_A,3k1v_A,2009-10-06,x-ray diffraction,2.2,34,AGAGGUUCUAGCACAUCCCUCUAUAAAAAACUAA,4
valid,6cc3_B,6cc3_B,2018-06-13,x-ray diffraction,2.698,101,GAAAGGGGAGUAGCGUCGGGAAACCGAAACAAAGUCGACAUACUGUGAGGAAACUCACCGGCUUUGUUGACAUACGAAAGUAUGUUUAGCAAGACCUUUCC,4
valid,6cc3_B,4y1j_A,2015-04-08,x-ray diffraction,2.24,100,AAAGGGGAGUAGCGUCGGGAAACCGAAACAAAGUCGUCUAUUCGUGAGGAAACUCACCGGCUUUGUUGACAUACGAAAGUAUGUUUAGCAAGACCUUUCC,4
valid,6cc3_B,4y1j_B,2015-04-08,x-ray diffraction,2.24,100,AAAGGGGAGUAGCGUCGGGAAACCGAAACAAAGUCGUCUAUUCGUGAGGAAACUCACCGGCUUUGUUGACAUACGAAAGUAUGUUUAGCAAGACCUUUCC,4
valid,6cc3_B,4y1i_A,2015-04-08,x-ray diffraction,2.85,100,AAAGGGGAGUAGCGUCGGGAAACCGAAACAAAGUCGUCAAUUCGUGAGGAAACUCACCGGCUUUGUUGACAUACGAAAGUAUGUUUAGCAAGACCUUUCC,4
valid,6cc3_B,4y1i_B,2015-04-08,x-ray diffraction,2.85,100,AAAGGGGAGUAGCGUCGGGAAACCGAAACAAAGUCGUCAAUUCGUGAGGAAACUCACCGGCUUUGUUGACAUACGAAAGUAUGUUUAGCAAGACCUUUCC,4
valid,6cc3_B,6cc1_A,2018-06-13,x-ray diffraction,2.54,101,GAAAGGGGAGUAGCGUCGGGAAACCGAAACAAAGUCGUCAUUACGUGAGGAAACUCACCGGCUUUGUUGACAUACGAAAGUAUGUUUAGCAAGACCUUUCC,4
valid,6cc3_B,6cc1_B,2018-06-13,x-ray diffraction,2.54,101,GAAAGGGGAGUAGCGUCGGGAAACCGAAACAAAGUCGUCAUUACGUGAGGAAACUCACCGGCUUUGUUGACAUACGAAAGUAUGUUUAGCAAGACCUUUCC,4
valid,6cc3_B,6cb3_A,2018-06-13,x-ray diffraction,1.891,101,GAAAGGGGAGUAGCGUCGGGAAACCGAAACAAAGUCGUCAAUUCGUGAGGAAACUCACCGGCUUUGUUGACAUACGAAAGUAUGUUUAGCAAGACCUUUCC,4
valid,6cc3_B,6cb3_B,2018-06-13,x-ray diffraction,1.891,101,GAAAGGGGAGUAGCGUCGGGAAACCGAAACAAAGUCGUCAAUUCGUGAGGAAACUCACCGGCUUUGUUGACAUACGAAAGUAUGUUUAGCAAGACCUUUCC,4
valid,6dn1_Z,6dn1_Z,2018-09-05,x-ray diffraction,3.03,57,GGAUUGAUUUGGUGAAAUUCCAAAACCGACAGUAGAGUCUGGAUGAGAGAAGAUUCG,2
valid,6dn1_Z,2yie_Z,2011-08-31,x-ray diffraction,2.95,57,GGAUUGAUUUGGUGAAAUUCCAAAACCGACAGUAGAGUCUGGAUGAGAGAAGAUUCG,2
valid,1fyp_A,1fyp_A,2001-03-14,solution nmr,inf,27,GGCGUCGCACCUUCGGGUGAAGUCGCC,2
valid,4qvi_B,4qvi_B,2015-02-11,x-ray diffraction,1.9,80,GGGAUGCGUAGGAUAGGUGGGAGCCUGUGAACCCCCGCCUCCGGGUGGGGGGGAGGCGCCGGUGAAAUACCACCCUUCCC,5
valid,4kqy_A,4kqy_A,2013-08-07,x-ray diffraction,3.02,119,GUUCUUAUCAAGAGAAGCAGAGGGACUGGCCCGACGAAGCUUCAGCAACCGGUGUAAUGGCGAAAGCCAUGACCAAGGUGCUAAAUCCAGCAAGCUCGAACAGCUUGGAAGAUAAGAAC,2
valid,4znp_A,4znp_A,2015-08-26,x-ray diffraction,2.94,73,GGGAUACAGGACUGGCGGAUUAGUGGGAAACCACGUGGACUGUAUCCGAAAAAAAGCCGACCGCCUGGGCAUC,1
valid,4znp_A,4znp_B,2015-08-26,x-ray diffraction,2.94,73,GGGAUACAGGACUGGCGGAUUAGUGGGAAACCACGUGGACUGUAUCCGAAAAAAAGCCGACCGCCUGGGCAUC,1
test,1nta_B,1nta_B,2003-05-13,x-ray diffraction,2.9,18,CGGCACCACGGUCGGAUC,3
test,1nta_B,1ntb_B,2003-05-13,x-ray diffraction,2.9,18,CGGCACCACGGUCGGAUC,3
test,2oe5_A,2oe5_A,2007-02-13,x-ray diffraction,1.51,16,GGCGUCGCUAGUACCG,1
test,7eoi_A,7eoi_A,2021-11-24,x-ray diffraction,1.92,49,GGCGCACUGGCGCUGCGCCUUCGGGCGCCAAUCGUAGCGUGUCGGCGCC,5
test,7eoi_A,7eom_A,2021-11-24,x-ray diffraction,2.703,48,GCGCACUGGCGCUGCGCCUUCGGGCGCCAAUCGUAGCGUGUCGGCGCC,5
test,7eoi_A,7eol_A,2021-11-24,x-ray diffraction,2.309,48,GCGCACUGGCGCUGCGCCUUCGGGCGCCAAUCGUAGCGUGUCGGCGCC,5
test,7eoi_A,7eop_A,2021-11-24,x-ray diffraction,1.8,48,GCGCACUGGCGCUGCGCCUUCGGGCGCCAAUCGUAGCGUGUCGGCGCC,5
test,7eoi_A,7eoj_A,2021-11-24,x-ray diffraction,1.77,49,GGCGCACUGGCGCUGCGCCUUCGGGCGCCAAUCGUAGCGUGUCGGCGCC,5
test,7eoi_A,7eog_A,2021-11-24,x-ray diffraction,1.5,48,GCGCACUGGCGCUGCGCCUUCGGGCGCCAAUCGUAGCGUGUCGGCGCC,5
test,7eoi_A,7eon_A,2021-11-24,x-ray diffraction,2.3,48,GCGCACUGGCGCUGCGCCUUCGGGCGCCAAUCGUAGCGUGUCGGCGCC,5
test,7eoi_A,7eok_A,2021-11-24,x-ray diffraction,2.7,48,GCGCACUGGCGCUGCGCCUUCGGGCGCCAAUCGUAGCGUGUCGGCGCC,5
test,7eoi_A,7eoh_A,2021-11-24,x-ray diffraction,1.637,49,GGCGCACUGGCGCUGCGCCUUCGGGCGCCAAUCGUAGCGUGUCGGCGCC,5
test,7eoi_A,7eoo_A,2021-11-24,x-ray diffraction,2.23,48,GCGCACUGGCGCUGCGCCUUCGGGCGCCAAUCGUAGCGUGUCGGCGCC,5
test,4lvx_A,4lvx_A,2014-03-19,x-ray diffraction,1.9,89,GGAGAGUAGAUGAUUCGCGUUAAGUGUGUGUGAAUGGGAUGUCGUCACACAACGAAGCGAGAGCGCGGUGAAUCAUUGCAUCCGCUCCA,3
test,4lvx_A,4lvy_A,2014-03-19,x-ray diffraction,2.0,89,GGAGAGUAGAUGAUUCGCGUUAAGUGUGUGUGAAUGGGAUGUCGUCACACAACGAAGCGAGAGCGCGGUGAAUCAUUGCAUCCGCUCCA,3
test,4lvx_A,6q57_A,2019-12-18,x-ray diffraction,2.72,89,GGAGAGUAGAUGAUUCGCGUUAAGUGUGUGUGAAUGGGAUGUCGUCACACAACGAAGCGAGAGCGCGGUGAAUCAUUGCAUCCGCUCCA,3
test,4lvx_A,4lvv_A,2014-03-19,x-ray diffraction,2.1,89,GGAGAGUAGAUGAUUCGCGUUAAGUGUGUGUGAAUGGGAUGUCGUCACACAACGAAGCGAGAGCGCGGUGAAUCAUUGCAUCCGCUCCA,3
test,4lvx_A,3sd3_A,2011-09-21,x-ray diffraction,1.95,89,GGAGAGUAGAUGAUUCGCGUUAAGCGUGUGUGAAUGGGAUGUCGUCACACAACGAAGCGAGAGCGCGGUGAAUCAUUGCAUCCGCUCCA,3
test,7d12_A,7d12_A,2021-05-12,solution nmr,inf,20,GCAGCAGCUUCGGCAGCAGC,4
test,1kod_B,1kod_B,1996-11-08,solution nmr,inf,14,ACGGUUAGGUCGCU,5
test,1ykv_D,1ykv_D,2005-02-22,x-ray diffraction,3.3,38,GGGCGAGGCCGUGCCAGCUCUUCGGAGCAAUACUCGGC,2
test,1ykv_D,1ykv_B,2005-02-22,x-ray diffraction,3.3,38,GGGCGAGGCCGUGCCAGCUCUUCGGAGCAAUACUCGGC,2
test,1ykv_D,1yls_D,2005-02-22,x-ray diffraction,3.0,38,GGGCGAGGCCGUGCCGGCUCUUCGGAGCAAUACUCGGC,2
test,1ykv_D,1yls_B,2005-02-22,x-ray diffraction,3.0,38,GGGCGAGGCCGUGCCGGCUCUUCGGAGCAAUACUCGGC,2
test,3suh_X,3suh_X,2011-09-14,x-ray diffraction,2.65,101,GGACAGAGUAGGUAAACGUGCGUAAAGUGCCUGAGGGACGGGGAGUUGUCCUCAGGACGAACACCGAAAGGUGGCGGUACGUUUACCGCAUCUCGCUGUUC,5
test,3suh_X,3sux_X,2011-09-14,x-ray diffraction,2.9,101,GGACAGAGUAGGUAAACGUGCGUAAAGUGCCUGAGGGACGGGGAGUUGUCCUCAGGACGAACACCGAAAGGUGGCGGUACGUUUACCGCAUCUCGCUGUUC,5
test,6db8_R,6db8_R,2018-11-14,x-ray diffraction,1.86541345549,60,GGAUGCGCCUUGAAAAGCCUGCGAAACACGCAGCUGGUGAAUGACAGCUAUGGCGCAUCC,3
test,6e8u_B,6e8u_B,2019-04-17,x-ray diffraction,1.55,37,GUACGAAGGAAGGUUUGGUAUGGGGUAGUUGUCGUAC,2
test,6e8u_B,6pq7_C,2019-07-31,x-ray diffraction,3.0,37,GUACGAAGGAAGGUUUGGUAUGGGGUAGUUGUCGUAC,2
test,4zc7_C,4zc7_C,2015-08-26,x-ray diffraction,3.041,92,UUGCGUCGUUCCGGAAAAGUCGCUUGCGUCGUUCCGGAAAAGUCGCUUGCGUCGUUCCGGAAAAGUCGCUUGCGUCGUUCCGGAAAAGUCGC,5
test,4zc7_C,4zc7_D,2015-08-26,x-ray diffraction,3.041,92,UUGCGUCGUUCCGGAAAAGUCGCUUGCGUCGUUCCGGAAAAGUCGCUUGCGUCGUUCCGGAAAAGUCGCUUGCGUCGUUCCGGAAAAGUCGC,5
test,4zc7_C,4zc7_A,2015-08-26,x-ray diffraction,3.041,92,UUGCGUCGUUCCGGAAAAGUCGCUUGCGUCGUUCCGGAAAAGUCGCUUGCGUCGUUCCGGAAAAGUCGCUUGCGUCGUUCCGGAAAAGUCGC,5
test,4zc7_C,4zc7_B,2015-08-26,x-ray diffraction,3.041,92,UUGCGUCGUUCCGGAAAAGUCGCUUGCGUCGUUCCGGAAAAGUCGCUUGCGUCGUUCCGGAAAAGUCGCUUGCGUCGUUCCGGAAAAGUCGC,5
test,7oa3_A,7oa3_A,2021-06-16,x-ray diffraction,2.8,52,GGCUAGCUGGAGGGGCGCCAGUUCGCUGGUGGUUGGGUGCGGUCGGCUAGCC,4
test,7oa3_A,7oa3_B,2021-06-16,x-ray diffraction,2.8,52,GGCUAGCUGGAGGGGCGCCAGUUCGCUGGUGGUUGGGUGCGGUCGGCUAGCC,4
test,7oa3_A,7oax_C,2021-06-16,x-ray diffraction,2.24,52,GGCUAGCUGGAGGGGCGCCAGUUCGCUGGUGGUUGGGUGCGGUCGGCUAGCC,4
test,7oa3_A,7oax_D,2021-06-16,x-ray diffraction,2.24,52,GGCUAGCUGGAGGGGCGCCAGUUCGCUGGUGGUUGGGUGCGGUCGGCUAGCC,4
test,7oa3_A,7oax_A,2021-06-16,x-ray diffraction,2.24,52,GGCUAGCUGGAGGGGCGCCAGUUCGCUGGUGGUUGGGUGCGGUCGGCUAGCC,4
test,7oa3_A,7oax_B,2021-06-16,x-ray diffraction,2.24,52,GGCUAGCUGGAGGGGCGCCAGUUCGCUGGUGGUUGGGUGCGGUCGGCUAGCC,4
test,7oa3_A,7oav_C,2021-06-16,x-ray diffraction,2.99,52,GGCUAGCUGGAGGGGCGCCAGUUCGCUGGUGGUUGGGUGCGGUCGGCUAGCC,4
test,7oa3_A,7oav_D,2021-06-16,x-ray diffraction,2.99,52,GGCUAGCUGGAGGGGCGCCAGUUCGCUGGUGGUUGGGUGCGGUCGGCUAGCC,4
test,7oa3_A,7oav_A,2021-06-16,x-ray diffraction,2.99,52,GGCUAGCUGGAGGGGCGCCAGUUCGCUGGUGGUUGGGUGCGGUCGGCUAGCC,4
test,7oa3_A,7oav_B,2021-06-16,x-ray diffraction,2.99,52,GGCUAGCUGGAGGGGCGCCAGUUCGCUGGUGGUUGGGUGCGGUCGGCUAGCC,4
test,7oa3_A,7oaw_C,2021-06-16,x-ray diffraction,2.95,52,GGCUAGCUGGAGGGGCGCCAGUUCGCUGGUGGUUGGGUGCGGUCGGCUAGCC,4
test,7oa3_A,7oaw_D,2021-06-16,x-ray diffraction,2.95,52,GGCUAGCUGGAGGGGCGCCAGUUCGCUGGUGGUUGGGUGCGGUCGGCUAGCC,4
test,7oa3_A,7oaw_A,2021-06-16,x-ray diffraction,2.95,52,GGCUAGCUGGAGGGGCGCCAGUUCGCUGGUGGUUGGGUGCGGUCGGCUAGCC,4
test,7oa3_A,7oaw_B,2021-06-16,x-ray diffraction,2.95,52,GGCUAGCUGGAGGGGCGCCAGUUCGCUGGUGGUUGGGUGCGGUCGGCUAGCC,4
test,3tzr_A,3tzr_A,2012-03-21,x-ray diffraction,2.212,20,CGAGGAACUACUGUCUUCCC,1
test,6yml_D,6yml_D,2020-07-22,x-ray diffraction,2.17,9,AUUGGAGCA,3
test,6yml_D,6ymi_N,2020-07-22,x-ray diffraction,2.5,9,AUUGGAGCA,3
test,6yml_D,6ymi_D,2020-07-22,x-ray diffraction,2.5,9,AUUGGAGCA,3
test,6yml_D,6ymi_J,2020-07-22,x-ray diffraction,2.5,9,AUUGGAGCA,3
test,6yml_D,6ymi_P,2020-07-22,x-ray diffraction,2.5,9,AUUGGAGCA,3
test,6yml_D,6ymj_D,2020-07-22,x-ray diffraction,2.04,9,AUUGGAGCA,3
test,6yml_D,6ymj_J,2020-07-22,x-ray diffraction,2.04,9,AUUGGAGCA,3
test,6yml_D,6ymj_P,2020-07-22,x-ray diffraction,2.04,9,AUUGGAGCA,3
test,6yml_D,6ymk_N,2020-07-22,x-ray diffraction,2.03,9,AUUGGAGCA,3
test,6yml_D,6ymk_D,2020-07-22,x-ray diffraction,2.03,9,AUUGGAGCA,3
test,6yml_D,6ymk_B,2020-07-22,x-ray diffraction,2.03,9,AUUGGAGCA,3
test,6yml_D,6ymk_J,2020-07-22,x-ray diffraction,2.03,9,AUUGGAGCA,3
test,6yml_D,6ymk_G,2020-07-22,x-ray diffraction,2.03,9,AUUGGAGCA,3
test,6yml_D,6ymk_P,2020-07-22,x-ray diffraction,2.03,9,AUUGGAGCA,3
test,6yml_D,6ymm_D,2020-07-22,x-ray diffraction,2.2,9,AUUGGAGCA,3
test,6yml_D,6ylb_N,2020-07-22,x-ray diffraction,2.12,9,AUUGGAGCA,3
test,6yml_D,6ylb_D,2020-07-22,x-ray diffraction,2.12,9,AUUGGAGCA,3
test,6yml_D,6ylb_B,2020-07-22,x-ray diffraction,2.12,9,AUUGGAGCA,3
test,6yml_D,6ylb_J,2020-07-22,x-ray diffraction,2.12,9,AUUGGAGCA,3
test,6yml_D,6ylb_G,2020-07-22,x-ray diffraction,2.12,9,AUUGGAGCA,3
test,6yml_D,6ylb_P,2020-07-22,x-ray diffraction,2.12,9,AUUGGAGCA,3
test,2oe8_B,2oe8_B,2007-02-13,x-ray diffraction,1.8,17,CGGUACUAAAAGUCGCC,2
test,1lvj_A,1lvj_A,2002-12-11,solution nmr,inf,31,GGCCAGAUCUGAGCCUGGGAGCUCUCUGGCC,4
test,3bnq_C,3bnq_C,2008-06-24,x-ray diffraction,2.0,23,UUGCGUCACCUCGAGCAAGUCGC,5
test,3bnq_C,3bnr_C,2008-06-24,x-ray diffraction,2.1,23,UUGCGUCACCUCGAGCAAGUCGC,5
test,6hmo_B,6hmo_B,2019-08-14,solution nmr,inf,11,GGAGUAAGUCU,2
test,6hmo_B,8cf2_B,2024-02-21,solution nmr,inf,11,GGAGUAAGUCU,2
test,6hmo_B,8r8p_B,2024-03-06,solid-state nmr,inf,11,GGAGUAAGUCU,2
test,6hmo_B,8r63_B,2024-03-06,solution nmr,inf,11,GGAGUAAGUCU,2
test,6hmo_B,8r62_B,2024-03-06,solution nmr,inf,11,GGAGUAAGUCU,2
test,5btp_A,5btp_A,2015-08-12,x-ray diffraction,2.816,75,UAUCAGUUAUAUGACUGACGGAACGUGGAAUUAACCACAUGAAGUAUAACGAUGACAAUGCCGACCGUCUGGGCG,5
test,5btp_A,5btp_B,2015-08-12,x-ray diffraction,2.816,75,UAUCAGUUAUAUGACUGACGGAACGUGGAAUUAACCACAUGAAGUAUAACGAUGACAAUGCCGACCGUCUGGGCG,5
test,5btp_A,6wzs_A,2021-03-24,x-ray diffraction,3.23,75,UAUCAGUUAUAUGACUGACGGAACGUGGAAUUAACCACAUGAAGUAUAACGAUGACAAUGCCGACCGUCUGGGCG,5
test,5btp_A,6wzs_B,2021-03-24,x-ray diffraction,3.23,75,UAUCAGUUAUAUGACUGACGGAACGUGGAAUUAACCACAUGAAGUAUAACGAUGACAAUGCCGACCGUCUGGGCG,5
test,5btp_A,6wzr_A,2021-03-24,x-ray diffraction,3.2,75,UAUCAGUUAUAUGACUGACGGAACGUGGAAUUAACCACAUGAAGUAUAACGAUGACAAUGCCGACCGUCUGGGCG,5
test,5btp_A,6wzr_B,2021-03-24,x-ray diffraction,3.2,75,UAUCAGUUAUAUGACUGACGGAACGUGGAAUUAACCACAUGAAGUAUAACGAUGACAAUGCCGACCGUCUGGGCG,5
test,5btp_A,6od9_A,2019-07-17,x-ray diffraction,4.102,75,UAUCAGUUAUAUGACUGACGGAACGUGGAAUUAACCACAUGAAGUAUAACGAUGACAAUGCCGACCGUCUGGGCG,5
test,5btp_A,6od9_B,2019-07-17,x-ray diffraction,4.102,75,UAUCAGUUAUAUGACUGACGGAACGUGGAAUUAACCACAUGAAGUAUAACGAUGACAAUGCCGACCGUCUGGGCG,5
test,3f2q_X,3f2q_X,2009-01-27,x-ray diffraction,2.95,112,GGAUCUUCGGGGCAGGGUGAAAUUCCCGACCGGUGGUAUAGUCCACGAAAGUAUUUGCUUUGAUUUGGUGAAAUUCCAAAACCGACAGUAGAGUCUGGAUGAGAGAAGAUUC,2
test,3f2q_X,5c45_X,2015-10-07,x-ray diffraction,2.93,54,GGAUCUUCGGGGCAGGGUGAAAUUCCCGACCGGUGGUAUAGUCCACGAAAGCUU,2
test,3f2q_X,5c45_Y,2015-10-07,x-ray diffraction,2.93,56,GCUUUGAUUUGGUGAAAUUCCAAAACCGACAGUAGAGUCUGGAUGAGAGAAGAUUC,2
test,3f2q_X,5kx9_X,2016-08-24,x-ray diffraction,2.9,54,GGAUCUUCGGGGCAGGGUGAAAUUCCCGACCGGUGGUAUAGUCCACGAAAGCUU,2
test,3f2q_X,5kx9_Y,2016-08-24,x-ray diffraction,2.9,56,GCUUUGAUUUGGUGAAAUUCCAAAACCGACAGUAGAGUCUGGAUGAGAGAAGAUUC,2
test,3f2q_X,3f2y_X,2009-01-27,x-ray diffraction,3.2,112,GGAUCUUCGGGGCAGGGUGAAAUUCCCGACCGGUGGUAUAGUCCACGAAAGUAUUUGCUUUGAUUUGGUGAAAUUCCAAAACCGACAGUAGAGUCUGGAUGAGAGAAGAUUC,2
test,3f2q_X,3f4e_X,2009-01-27,x-ray diffraction,3.05,54,GGAUCUUCGGGGCAGGGUGAAAUUCCCGACCGGUGGUAUAGUCCACGAAAGCUU,2
test,3f2q_X,3f4e_Y,2009-01-27,x-ray diffraction,3.05,56,GCUUUGAUUUGGUGAAAUUCCAAAACCGACAGUAGAGUCUGGAUGAGAGAAGAUUC,2
test,3f2q_X,6dn1_X,2018-09-05,x-ray diffraction,3.03,54,GGAUCUUCGGGGCAGGGUGAAAUUCCCGACCGGUGGUAUAGUCCACGAAUCCAU,2
test,3f2q_X,3f2t_X,2009-01-27,x-ray diffraction,3.0,112,GGAUCUUCGGGGCAGGGUGAAAUUCCCGACCGGUGGUAUAGUCCACGAAAGUAUUUGCUUUGAUUUGGUGAAAUUCCAAAACCGACAGUAGAGUCUGGAUGAGAGAAGAUUC,2
test,3f2q_X,3f2x_X,2009-01-27,x-ray diffraction,3.11,112,GGAUCUUCGGGGCAGGGUGAAAUUCCCGACCGGUGGUAUAGUCCACGAAAGUAUUUGCUUUGAUUUGGUGAAAUUCCAAAACCGACAGUAGAGUCUGGAUGAGAGAAGAUUC,2
test,3f2q_X,3f30_X,2009-01-27,x-ray diffraction,3.15,112,GGAUCUUCGGGGCAGGGUGAAAUUCCCGACCGGUGGUAUAGUCCACGAAAGUAUUUGCUUUGAUUUGGUGAAAUUCCAAAACCGACAGUAGAGUCUGGAUGAGAGAAGAUUC,2
test,3f2q_X,6dn3_X,2018-09-05,x-ray diffraction,2.8,54,GGAUCUUCGGGGCAGGGUGAAAUUCCCGACCGGUGGUAUAGUCCACGAAAGCUU,2
test,3f2q_X,6dn3_Y,2018-09-05,x-ray diffraction,2.8,56,GCUUUGAUUUGGUGAAAUUCCAAAACCGACAGUAGAGUCUGGAUGAGAGAAGAUUC,2
test,3f2q_X,3f4g_X,2009-01-27,x-ray diffraction,3.01,54,GGAUCUUCGGGGCAGGGUGAAAUUCCCGACCGGUGGUAUAGUCCACGAAAGCUU,2
test,3f2q_X,3f4g_Y,2009-01-27,x-ray diffraction,3.01,56,GCUUUGAUUUGGUGAAAUUCCAAAACCGACAGUAGAGUCUGGAUGAGAGAAGAUUC,2
test,3f2q_X,2yie_X,2011-08-31,x-ray diffraction,2.95,54,GGAUCUUCGGGGCAGGGUGAAAUUCCCGACCGGUGGUAUAGUCCACGAAUCCAU,2
test,3f2q_X,6bfb_X,2018-02-21,x-ray diffraction,2.82,54,GGAUCUUCGGGGCAGGGUGAAAUUCCCGACCGGUGGUAUAGUCCACGAAAGCUU,2
test,3f2q_X,6bfb_Y,2018-02-21,x-ray diffraction,2.82,56,GCUUUGAUUUGGUGAAAUUCCAAAACCGACAGUAGAGUCUGGAUGAGAGAAGAUUC,2
test,3f2q_X,3f2w_X,2009-01-27,x-ray diffraction,3.45,112,GGAUCUUCGGGGCAGGGUGAAAUUCCCGACCGGUGGUAUAGUCCACGAAAGUAUUUGCUUUGAUUUGGUGAAAUUCCAAAACCGACAGUAGAGUCUGGAUGAGAGAAGAUUC,2
test,3f2q_X,6dn2_X,2018-09-05,x-ray diffraction,2.88,54,GGAUCUUCGGGGCAGGGUGAAAUUCCCGACCGGUGGUAUAGUCCACGAAAGCUU,2
test,3f2q_X,6dn2_Y,2018-09-05,x-ray diffraction,2.88,56,GCUUUGAUUUGGUGAAAUUCCAAAACCGACAGUAGAGUCUGGAUGAGAGAAGAUUC,2
test,3f2q_X,3f4h_X,2009-01-27,x-ray diffraction,3.0,54,GGAUCUUCGGGGCAGGGUGAAAUUCCCGACCGGUGGUAUAGUCCACGAAAGCUU,2
test,3f2q_X,3f4h_Y,2009-01-27,x-ray diffraction,3.0,56,GCUUUGAUUUGGUGAAAUUCCAAAACCGACAGUAGAGUCUGGAUGAGAGAAGAUUC,2
test,5d5l_C,5d5l_C,2016-08-10,x-ray diffraction,2.5,77,GGAAGGCCGAAAGGUCUUCCACGACGAUACUUAUUUCCUUUGAUCGUCGUUAUUACUGGCUUCGGCCACAAAGGAGA,3
test,5d5l_C,5d5l_D,2016-08-10,x-ray diffraction,2.5,77,GGAAGGCCGAAAGGUCUUCCACGACGAUACUUAUUUCCUUUGAUCGUCGUUAUUACUGGCUUCGGCCACAAAGGAGA,3
test,5d5l_C,5d5l_A,2016-08-10,x-ray diffraction,2.5,77,GGAAGGCCGAAAGGUCUUCCACGACGAUACUUAUUUCCUUUGAUCGUCGUUAUUACUGGCUUCGGCCACAAAGGAGA,3
test,5d5l_C,5d5l_B,2016-08-10,x-ray diffraction,2.5,77,GGAAGGCCGAAAGGUCUUCCACGACGAUACUUAUUUCCUUUGAUCGUCGUUAUUACUGGCUUCGGCCACAAAGGAGA,3
test,5d5l_C,4jf2_A,2013-04-17,x-ray diffraction,2.28,77,GGAACCGCGAAAGCGGUUCCACGACGAUACUUAUUUCCUUUGAUCGUCGUUAUUACUGGCUUCGGCCACAAAGGAGA,3
test,6gyv_A,6gyv_A,2018-08-22,x-ray diffraction,2.50003617357,192,CAUCCGGUAUCCCAAGACAAUCUUCGGGUUGGGUUGGGAAGUAUCAUGGCUAAUCACCAUGAUGCAAUCGGGUUGAACACUUAAUUGGGUUAAAACGGUGGGGGACGAUCCCGUAACAUCCGUCCUAACGGCGACAGACUGCACGGCCCUGCCUCUUAGGUGUGUCCAAUGAACAGUCGUUCCGAAAGGAAG,4
test,6gyv_A,6g7z_B,2018-12-05,x-ray diffraction,3.33594999571,54,GACUGCACGGCCCUGCCUCAGGUGUGUUCAAUGAACAGUCGUUCCGAAAGGAAG,4
test,7a3y_A,7a3y_A,2021-03-10,solution nmr,inf,13,GCAGCUCGUCCUG,5
test,2f4t_B,2f4t_B,2006-05-02,x-ray diffraction,3.0,23,UUGCGUCACACCGGUGAAGUCGC,1
test,2f4t_B,4p20_A,2014-05-07,x-ray diffraction,2.7,23,UUGCGUCACACCGGUGAAGUCGC,1
test,2f4t_B,4p20_B,2014-05-07,x-ray diffraction,2.7,23,UUGCGUCACACCGGUGAAGUCGC,1
test,2f4t_B,2o3x_A,2007-11-06,x-ray diffraction,2.9,23,UUGCGUCACACCGGUGAAGUCGC,1
test,2f4t_B,2o3x_B,2007-11-06,x-ray diffraction,2.9,23,UUGCGUCACACCGGUGAAGUCGC,1
test,2f4t_B,1lc4_A,2003-04-08,x-ray diffraction,2.54,23,UUGCGUCACACCGGUGAAGUCGC,1
test,2f4t_B,1lc4_B,2003-04-08,x-ray diffraction,2.54,23,UUGCGUCACACCGGUGAAGUCGC,1
test,2f4t_B,1yrj_A,2005-06-07,x-ray diffraction,2.7,23,UUGCGUCACACCGGUGAAGUCGC,1
test,2f4t_B,1yrj_B,2005-06-07,x-ray diffraction,2.7,23,UUGCGUCACACCGGUGAAGUCGC,1
test,2f4t_B,2esi_A,2005-12-20,x-ray diffraction,3.0,23,UUGCGUCACACCGGUGAAGUCGC,1
test,2f4t_B,2esi_B,2005-12-20,x-ray diffraction,3.0,23,UUGCGUCACACCGGUGAAGUCGC,1
test,1i2y_D,1i2y_D,2001-04-21,x-ray diffraction,1.66,11,GCGATATACGU,4
test,1i2y_D,1i2y_B,2001-04-21,x-ray diffraction,1.66,11,GCGATATACGU,4
test,1i2y_D,1i2y_C,2001-04-21,x-ray diffraction,1.66,11,GCGATATACGU,4
test,1i2y_D,1i2y_A,2001-04-21,x-ray diffraction,1.66,11,GCGATATACGU,4
test,8hba_A,8hba_A,2023-03-22,x-ray diffraction,2.64,56,CGCGGCGUUGCGUCCGAAAGUCUAAACAGACACGGCCGCUUAAAAACAAAAGGAGA,5
test,8hba_A,8hba_B,2023-03-22,x-ray diffraction,2.64,56,CGCGGCGUUGCGUCCGAAAGUCUAAACAGACACGGCCGCUUAAAAACAAAAGGAGA,5
test,8hba_A,8hb8_A,2023-03-22,x-ray diffraction,2.3,55,GCGGCGUUGCGUCCGAAAGUCUAAACAGACACGGCCGCUUAAAAACAAAAGGAGA,5
test,3iwn_A,3iwn_A,2009-11-10,x-ray diffraction,3.2,93,CACGCACAGGGCAAACCAUUCGAAAGAGUGGGACGCAAAGCCUCCGGCCUAAACGGCAUUGCACUCCGCCGUAGGUAGCGGGGUUACCGAUGG,3
test,3iwn_A,3iwn_B,2009-11-10,x-ray diffraction,3.2,93,CACGCACAGGGCAAACCAUUCGAAAGAGUGGGACGCAAAGCCUCCGGCCUAAACGGCAUUGCACUCCGCCGUAGGUAGCGGGGUUACCGAUGG,3
test,1nta_A,1nta_A,2003-05-13,x-ray diffraction,2.9,22,GGAUCGCAUUUGGACUUCUGCC,1
test,1nta_A,1ntb_A,2003-05-13,x-ray diffraction,2.9,22,GGAUCGCAUUUGGACUUCUGCC,1
test,7dwh_Y,7dwh_Y,2021-10-27,x-ray diffraction,3.1,45,GGACCUACUACGAGCGCCAUUGCACUCCGGCGCCACGGGGGGUCC,2
test,7dwh_Y,7dwh_X,2021-10-27,x-ray diffraction,3.1,45,GGACCUACUACGAGCGCCAUUGCACUCCGGCGCCACGGGGGGUCC,2
test,8i43_A,8i43_A,2023-03-29,solution nmr,inf,19,GGACGCUUUCGAGCCGUCC,1
test,6c64_A,6c64_A,2018-08-08,x-ray diffraction,3.00014879601,36,GCGUACGAAGGAGAGGAGAGGAAGAGGAGAGUACGC,4
test,6c64_A,6c64_B,2018-08-08,x-ray diffraction,3.00014879601,36,GCGUACGAAGGAGAGGAGAGGAAGAGGAGAGUACGC,4
test,6c64_A,8u60_C,2024-03-27,x-ray diffraction,3.3,36,GCGUACGAAGGAGAGGAGAGGAUGAGGAGAGUACGC,4
test,6c64_A,8u60_A,2024-03-27,x-ray diffraction,3.3,36,GCGUACGAAGGAGAGGAGAGGAUGAGGAGAGUACGC,4
test,6c64_A,8u60_B,2024-03-27,x-ray diffraction,3.3,36,GCGUACGAAGGAGAGGAGAGGAUGAGGAGAGUACGC,4
test,6c64_A,6c63_A,2018-08-08,x-ray diffraction,2.90002801531,36,GCGUACGAAGGAGAGGAGAGGAAGAGGAGAGUACGC,4
test,6c64_A,6c63_B,2018-08-08,x-ray diffraction,2.90002801531,36,GCGUACGAAGGAGAGGAGAGGAAGAGGAGAGUACGC,4
test,6c64_A,6c63_C,2018-08-08,x-ray diffraction,2.90002801531,32,GUACGAAGGAGAGGAGAGGAAGAGGAGAGUAC,4
test,6c64_A,6c65_A,2018-08-08,x-ray diffraction,2.8000516274,36,GCGUACGAAGGAGAGGAGAGGUAGAGGAGAGUACGC,4
test,6c64_A,6c65_B,2018-08-08,x-ray diffraction,2.8000516274,36,GCGUACGAAGGAGAGGAGAGGUAGAGGAGAGUACGC,4
test,6c64_A,6c65_C,2018-08-08,x-ray diffraction,2.8000516274,35,CGUACGAAGGAGAGGAGAGGUAGAGGAGAGUACGG,4
test,6c64_A,8u5k_C,2024-03-27,x-ray diffraction,2.8,36,GCGUACGAAGGAGAGGAGAGGAAGAGGAGAGUACGC,4
test,6c64_A,8u5k_A,2024-03-27,x-ray diffraction,2.8,36,GCGUACGAAGGAGAGGAGAGGAAGAGGAGAGUACGC,4
test,6c64_A,8u5k_B,2024-03-27,x-ray diffraction,2.8,36,GCGUACGAAGGAGAGGAGAGGAAGAGGAGAGUACGC,4
test,6c64_A,8u5p_A,2024-03-27,x-ray diffraction,2.9,36,GCGUACGAAGGAGAGGAGAGGAAGAGGAGAGUACGC,4
test,3egz_B,3egz_B,2008-10-28,x-ray diffraction,2.2,65,GAGGGAGAGGUGAAGAAUACGACCACCUAGGUACCAUUGCACUCCGGUACCUAAAACAUACCCUC,2
test,6xrq_A,6xrq_A,2021-07-28,x-ray diffraction,1.21,14,GGCUCGGCGGCGGA,2
test,6xrq_A,6xrq_B,2021-07-28,x-ray diffraction,1.21,14,GGCUCGGCGGCGGA,2
test,6xrq_A,6jji_B,2020-02-26,x-ray diffraction,3.1,14,GGCUCGGCGGCGGA,2
test,6jbg_A,6jbg_A,2020-01-29,x-ray diffraction,3.1,22,UGCGUCACGCCGGCGAAGUCGC,4
test,6jbg_A,6jbg_B,2020-01-29,x-ray diffraction,3.1,22,UGCGUCACGCCGGCGAAGUCGC,4
test,3q3z_A,3q3z_A,2011-05-11,x-ray diffraction,2.51,75,GCGCGGAAACAAUGAUGAAUGGGUUUAAAUUGGGCACUUGACUCAUUUUGAGUUAGUAGUGCAACCGACCGUGCU,5
test,3q3z_A,3q3z_V,2011-05-11,x-ray diffraction,2.51,75,GCGCGGAAACAAUGAUGAAUGGGUUUAAAUUGGGCACUUGACUCAUUUUGAGUUAGUAGUGCAACCGACCGUGCU,5
test,2f4s_A,2f4s_A,2006-05-02,x-ray diffraction,2.8,21,GCGUCACACCGGUGAAGUCGC,2
test,2f4s_A,2f4s_B,2006-05-02,x-ray diffraction,2.8,21,GCGUCACACCGGUGAAGUCGC,2
test,2f4s_A,2f4t_A,2006-05-02,x-ray diffraction,3.0,21,GCGUCACACCGGUGAAGUCGC,2
test,2f4s_A,3s4p_A,2011-09-21,x-ray diffraction,2.56,21,GCGUCACACCGGUGAAGUCGC,2
test,2f4s_A,3s4p_B,2011-09-21,x-ray diffraction,2.56,21,GCGUCACACCGGUGAAGUCGC,2
test,2f4s_A,4f8v_A,2012-08-15,x-ray diffraction,2.8,21,GCGUCACACCGGUGAAGUCGC,2
test,2f4s_A,4f8v_B,2012-08-15,x-ray diffraction,2.8,21,GCGUCACACCGGUGAAGUCGC,2
test,2f4s_A,2f4u_A,2006-05-02,x-ray diffraction,2.6,21,GCGUCACACCGGUGAAGUCGC,2
test,2f4s_A,2f4u_B,2006-05-02,x-ray diffraction,2.6,21,GCGUCACACCGGUGAAGUCGC,2
test,2f4s_A,4f8u_B,2012-08-15,x-ray diffraction,2.0,21,GCGUCACACCGGUGAAGUCGC,2
test,2f4s_A,2pwt_A,2007-09-18,x-ray diffraction,1.8,21,GCGUCACACCGGUGAAGUCGC,2
test,2f4s_A,2pwt_B,2007-09-18,x-ray diffraction,1.8,21,GCGUCACACCGGUGAAGUCGC,2
